y,x1,x2,x3,x4,x5,x6,x7,x8,x9,x10,x11
24687,5,4,2,29,1,189.58,1,3,0,3,1
24661,5,2,1,6,2,52.31,1,2,0,6,1
23750,5,1,1,5,2,31.58,1,3,0,2,1
42491,5,1,1,7,3,71.78,1,3,1,2,1
17593,2,2,1,7,1,64.8,1,2,0,6,0
27325,1,4,2,38,2,132.48,1,1,1,1,1
19825,2,2,1,6,2,42.12,1,2,0,5,0
19831,5,5,3,16,1,236,1,2,1,2,1
13753,3,4,2,19,3,189.05,1,2,0,2,1
13261,3,2,1,5,2,88.23,1,2,1,1,1
20234,2,2,1,7,2,60.79,1,3,0,1,0
21999,5,2,1,7,2,57.64,1,3,1,2,1
16886,5,3,1,15,3,159.9,1,3,0,0,1
21500,5,3,1,8,2,97.4,1,2,0,2,1
23685,5,3,1,7,3,97.11,1,3,0,4,0
18037,3,3,1,5,2,82.61,1,2,0,2,1
14868,4,4,2,8,2,113,1,3,0,4,1
20000,2,2,1,6,3,69,1,2,0,4,1
19011,5,3,1,7,2,91,1,2,0,4,1
16919,5,3,2,18,2,121.76,1,2,0,0,1
19776,2,3,1,7,1,71.3,1,3,1,2,1
24462,5,2,1,20,3,89.53,1,3,0,1,0
20500,5,1,1,5,3,40,1,2,0,2,1
13663,5,4,2,6,1,180.72,1,2,1,2,1
23623,5,1,1,5,2,38.1,1,2,0,1,1
17953,5,3,2,7,2,127,1,3,0,0,1
19022,5,3,1,7,1,92,1,2,0,5,1
33562,5,2,2,7,2,45.29,1,2,1,2,1
16595,5,3,1,8,1,101.24,1,3,0,4,0
27616,5,3,2,16,2,133.26,1,2,0,0,1
29028,2,3,1,33,3,88.88,1,3,1,2,1
17801,5,3,2,7,1,123.03,1,2,0,2,1
17991,3,3,2,7,3,107,1,3,1,1,1
41139,5,3,1,4,1,30.75,1,2,1,4,1
36000,5,2,1,4,3,50,1,3,0,3,1
20421,2,2,1,7,1,46.62,1,3,1,3,1
31907,2,3,1,16,1,78.04,1,3,0,0,1
37952,5,3,1,7,2,83,1,2,0,2,1
15057,3,3,2,11,2,89,1,2,1,0,0
21964,2,3,2,7,2,122.02,1,3,1,2,1
9888,6,2,1,6,1,89,1,3,0,2,1
15250,3,3,2,7,3,85.25,1,2,0,3,1
26685,5,2,1,6,2,74.95,1,3,1,3,0
30709,5,2,1,5,1,63.5,1,3,0,3,1
30139,5,3,2,19,2,128.74,1,2,1,2,1
29175,5,2,1,6,2,63,1,2,0,1,1
43026,5,2,1,29,2,79.95,1,2,0,4,1
17507,5,3,2,11,3,123.9,1,3,1,0,1
14528,5,4,2,18,2,148,1,1,1,2,1
14455,5,4,1,11,2,196,1,3,0,0,1
18270,5,6,3,11,1,208,1,3,1,0,1
57546,5,5,3,3,3,309.32,1,2,0,0,1
27248,2,3,2,33,3,109,1,2,1,2,1
19810,2,3,2,26,3,126.2,1,3,0,0,1
28572,4,3,2,6,2,126,1,1,0,0,1
11699,6,3,2,26,3,166.69,1,1,1,1,0
19214,3,3,1,23,2,89,1,3,0,0,1
22418,3,3,1,15,1,87.79,1,1,0,0,1
27155,4,3,2,33,1,123,1,1,0,3,1
25843,2,3,2,27,2,89,1,1,1,3,1
15028,3,3,2,13,2,89.5,1,3,0,0,1
14041,3,3,2,25,3,99,1,2,0,0,0
11736,2,3,2,7,2,148.27,0,2,0,3,0
17085,3,3,1,7,1,84.87,1,2,1,3,1
27594,5,3,2,18,2,133,1,2,1,3,1
45966,5,2,1,8,2,42.38,0,2,0,2,0
30000,2,3,2,17,2,145,1,3,0,0,1
17386,2,2,1,7,2,74.66,1,2,1,4,1
27000,5,3,2,14,1,157,1,3,0,0,1
18227,5,3,2,4,2,138.7,1,2,1,2,1
17530,2,2,1,7,1,59.33,1,2,0,4,1
16184,5,4,3,6,1,176.1,1,3,1,1,1
14915,2,6,2,6,1,153.21,1,3,1,0,1
17099,5,3,1,6,3,91.76,1,2,0,3,1
19582,6,4,2,35,2,126.65,1,1,0,3,1
17500,5,2,1,7,3,68,1,2,1,1,1
17858,4,5,3,24,1,252,1,2,0,0,1
15301,2,3,2,11,2,174,1,3,1,1,1
25498,5,2,1,7,3,78.32,1,2,1,1,1
37813,5,3,1,19,1,108.43,1,2,0,4,1
30000,5,3,1,7,2,101,1,1,0,3,1
46930,5,3,2,27,1,114,1,2,0,1,1
15324,5,3,2,5,1,139,1,3,0,1,1
9311,2,3,2,8,1,116,1,3,0,0,1
19343,5,2,1,7,2,70.31,1,2,1,4,1
14494,2,3,1,7,2,99.77,1,2,1,0,1
12869,1,3,2,6,1,139.72,1,2,0,4,1
47369,5,2,1,6,1,47.5,1,2,0,4,1
20658,5,3,1,8,2,76,1,2,0,3,1
21930,5,4,2,18,3,141.36,1,2,0,2,1
16522,4,5,2,5,1,138,1,2,0,0,1
16495,5,3,1,6,1,87,1,2,0,0,1
14961,3,3,1,7,1,80.21,1,2,1,4,1
34226,5,3,1,8,1,71,1,3,1,4,1
28803,5,2,1,8,2,90.2,1,3,0,3,1
29000,2,3,1,27,3,89,0,3,1,3,1
28000,5,4,2,31,1,168,1,2,0,1,1
17432,6,2,1,20,1,109,1,3,1,2,0
14897,3,2,1,6,3,72.5,1,2,0,1,1
25807,5,2,1,7,2,62,1,3,0,3,1
41063,5,2,1,4,1,41.4,1,2,0,1,0
38867,5,2,2,7,2,74.1,1,2,1,4,0
23770,5,2,1,6,3,44.51,1,2,0,3,1
40843,5,2,1,5,2,77.86,1,2,0,4,1
14810,3,3,2,11,2,89.81,1,2,1,0,1
23236,5,2,1,8,2,68,0,2,1,2,0
23155,4,3,2,17,1,109.7,1,1,0,1,1
21380,3,3,2,11,3,91.21,1,3,1,0,1
19174,5,3,2,6,1,121,1,3,0,3,1
23976,5,2,1,27,3,83,1,1,1,0,1
18419,2,2,1,6,2,74,1,2,1,1,1
48935,5,1,1,7,2,52.11,1,2,0,4,1
15518,2,3,1,9,1,87,1,3,0,4,1
34931,5,4,2,5,2,140.28,1,1,1,4,1
20282,6,4,2,17,2,130.66,1,1,0,3,1
29033,5,2,1,6,2,58.52,1,3,1,2,1
15914,2,3,1,7,3,94.89,1,2,1,2,1
29017,5,2,1,6,2,53.9,1,2,0,4,1
26505,5,2,1,7,1,61.5,1,2,0,4,0
18706,5,3,1,6,1,82.22,1,2,0,3,1
20576,2,3,2,7,2,101.87,1,3,1,1,1
28153,5,3,2,7,3,67.49,1,3,0,2,1
26095,5,1,1,8,2,44.07,1,3,0,4,1
17702,2,3,1,5,1,58.64,1,2,1,4,1
16925,5,4,2,18,2,189.07,1,3,0,1,1
8770,6,3,1,5,1,101.49,1,2,1,4,1
32679,2,3,1,33,2,78.95,1,3,0,0,1
24124,5,2,1,4,2,48.5,1,3,0,4,1
15494,2,3,1,13,3,86.23,1,2,0,3,1
16947,3,3,2,18,1,138.67,1,2,0,4,1
19997,5,4,2,28,3,162.03,1,2,0,3,1
21887,5,2,1,7,1,61.91,1,3,0,4,1
13280,2,3,2,11,1,125,1,2,0,1,1
25334,5,4,2,19,2,165,1,3,1,3,1
12778,6,3,2,18,3,128.35,0,1,0,1,1
18607,2,2,1,7,2,61,1,2,0,3,0
25606,5,4,2,17,2,139.03,1,1,0,1,1
25245,2,6,4,12,1,257.09,1,2,0,0,1
14643,6,3,2,31,3,140,1,1,0,1,1
18077,6,3,2,17,3,130,1,1,1,1,0
16563,5,3,1,7,3,80.3,1,2,0,2,1
28090,2,3,2,18,2,89,1,1,0,2,1
12465,5,3,2,13,1,111.52,1,1,0,0,0
18524,5,3,1,7,2,87.35,1,2,1,2,1
21361,6,4,2,17,1,139.98,1,1,1,4,0
18422,5,3,2,11,3,138.32,1,3,0,0,1
20425,6,4,2,23,3,165,1,2,1,1,0
17678,5,4,2,20,2,146.51,1,2,1,2,1
18479,5,3,2,6,1,101.74,1,3,1,2,1
15947,5,4,1,9,3,121.03,1,2,0,0,1
20771,5,3,1,7,3,99.18,1,2,0,4,1
28315,3,3,1,18,2,89,1,3,0,0,1
26000,2,3,2,34,2,97,1,1,1,1,1
23791,2,4,2,27,1,124,1,1,1,1,1
18772,5,3,2,7,1,117.2,1,2,0,2,1
18077,3,3,1,6,1,91.28,1,2,0,3,1
11789,6,3,1,30,3,123,1,2,1,1,0
21132,4,5,2,28,1,160.9,1,1,0,2,1
14180,4,3,2,6,1,134,1,3,0,1,1
24946,5,4,2,17,3,123.87,1,3,0,0,1
24400,3,4,2,20,2,125,1,1,0,0,1
24607,2,3,2,27,3,89,1,1,1,2,1
20500,5,2,1,8,1,74.42,1,1,0,5,1
25387,1,3,2,36,2,98.4,1,3,1,5,0
21765,5,2,1,8,2,68,1,3,1,5,1
22497,5,3,1,9,1,88.77,1,3,0,2,0
18009,5,2,1,7,1,69.41,1,2,1,3,1
19188,5,2,1,7,2,57.85,1,2,1,2,1
20501,5,2,1,31,3,81.95,1,1,0,0,0
25518,5,2,1,6,3,56,1,1,0,2,1
23145,5,2,1,5,2,61.18,1,3,0,3,0
14429,3,2,1,11,3,67.92,1,3,1,0,1
17700,2,2,1,18,3,73.3,1,1,0,0,0
20766,2,2,1,6,3,64,1,2,1,2,0
13500,3,2,1,14,1,80,1,1,0,0,0
31558,5,2,1,6,1,59.89,1,3,0,1,0
13505,5,4,2,6,1,210,1,3,1,2,0
40883,5,3,1,7,2,68,1,2,0,4,1
34952,5,2,1,6,2,70.12,1,2,1,4,0
29022,5,2,1,6,1,55.82,1,3,1,1,0
17257,5,5,2,15,1,155.3,1,3,0,0,1
16851,5,5,3,6,1,181,1,3,1,2,1
17500,2,2,1,4,1,64,1,1,1,2,1
38372,5,2,1,7,1,72.97,1,3,0,4,1
7895,6,3,3,18,3,152,1,1,1,5,1
30000,2,3,1,33,2,89,1,3,1,4,1
19466,2,3,2,6,3,131,1,3,0,1,1
17449,4,3,2,7,1,98,1,2,0,0,1
20362,2,3,2,30,3,104.12,1,3,1,0,1
37382,5,3,2,7,2,106.47,1,3,1,5,1
24990,3,3,1,18,3,71.63,1,3,0,3,1
21500,5,3,2,7,1,100,1,3,0,2,1
12153,3,3,2,11,3,94.63,1,2,0,2,1
24753,5,3,1,27,2,108.88,1,3,0,5,0
15000,4,3,2,8,1,96,1,3,0,2,1
20721,2,3,1,6,3,111,1,3,0,4,1
28750,5,3,1,30,3,112,1,2,0,3,1
24419,5,2,1,7,3,59.38,1,2,1,4,1
21133,5,4,2,6,2,139.5,1,3,1,4,1
25644,5,3,2,6,1,105.29,1,2,0,5,1
25707,3,3,2,18,2,116.7,1,3,0,2,1
24289,5,3,1,20,3,83.58,1,2,0,5,1
19014,4,3,2,24,2,157.78,1,1,0,5,1
23215,5,4,2,20,2,168,1,3,1,5,0
29726,5,4,2,7,1,152.06,1,3,1,1,1
18944,5,4,3,27,1,187.4,1,3,0,1,1
10269,6,2,1,5,1,77.91,1,3,1,4,1
18486,2,3,2,6,3,129.29,1,3,0,1,1
22008,5,3,2,6,3,104.51,1,2,0,0,1
29979,5,1,1,7,3,46.7,1,3,0,5,0
35715,5,3,1,7,2,97.44,1,2,0,5,1
26259,5,2,1,6,3,41.13,1,2,0,3,0
21718,2,3,1,16,3,99,1,2,0,5,1
19102,5,2,1,8,1,89,1,3,0,3,1
22400,5,3,1,5,2,102.68,1,2,0,4,0
13311,2,4,2,6,1,126.22,1,3,0,1,1
23799,5,3,1,6,2,90.09,1,3,0,2,0
18125,3,2,1,14,1,80,1,3,0,0,1
29546,5,2,1,26,3,88,1,3,1,0,1
16592,3,2,1,18,1,79.56,1,3,0,0,0
26973,5,2,1,6,1,76.56,1,3,0,4,1
15272,2,3,2,5,2,129,1,2,0,1,1
16963,2,3,1,6,1,79,1,2,1,0,1
28500,2,3,2,26,1,88.64,1,2,1,6,1
39943,5,2,1,7,1,69.1,1,2,0,5,1
20856,5,2,1,5,1,38.36,1,2,0,2,1
28125,5,2,1,6,1,64,1,1,1,3,1
32822,5,3,1,6,2,84.7,1,3,0,3,1
22020,5,3,2,10,1,156.68,1,2,0,2,1
25109,5,3,2,11,2,114.7,1,2,1,1,0
31110,5,3,1,6,2,88.72,1,2,0,0,0
15504,2,2,1,6,2,88.67,1,2,1,6,1
24385,5,3,1,8,2,79.97,1,3,0,2,1
36672,5,1,1,6,2,56.72,1,3,0,6,1
35776,5,3,1,8,3,99.79,1,3,0,1,1
31610,5,2,1,17,2,87,1,3,0,5,1
14303,3,3,2,7,3,131.45,1,3,0,6,1
46455,5,3,2,27,2,110,1,3,0,1,1
34328,5,1,1,8,1,42.24,1,3,1,3,1
39820,5,2,1,23,2,79.86,1,3,1,4,1
51954,5,1,1,4,1,24.06,1,2,1,4,1
30825,5,2,1,6,1,58.72,1,3,1,6,1
35905,5,2,1,7,1,73.11,1,1,0,3,1
44698,5,2,1,27,1,68.37,1,2,1,2,1
18703,5,2,1,7,2,85.55,0,3,1,6,1
40566,5,2,1,8,3,48.07,1,3,0,3,1
21391,2,2,1,6,3,60.26,1,2,1,5,1
20920,5,2,1,8,2,67.88,1,3,1,2,1
17517,5,2,1,7,1,62,0,2,0,1,1
17344,5,2,1,7,1,64,1,2,0,3,1
18791,5,2,1,7,1,68.65,1,2,1,5,1
18767,5,2,1,7,1,57.55,1,1,1,5,1
26385,2,4,2,33,3,130,1,3,0,5,1
17863,5,2,1,7,2,66.9,1,2,0,0,1
17227,5,2,1,7,3,68.5,1,2,1,4,1
18971,5,2,1,7,1,68,1,2,1,4,1
16312,5,2,1,19,2,72.34,1,3,0,0,1
25000,5,4,1,16,3,170,1,2,0,5,1
18171,5,2,1,19,1,82,1,3,0,4,1
23034,5,3,1,15,3,89,1,2,0,2,0
11462,6,4,2,11,2,171,1,3,0,2,1
22574,5,2,1,7,3,57.59,1,3,1,2,1
22022,5,3,2,18,2,149.4,1,2,1,3,1
17250,5,3,1,17,2,120,1,1,1,3,1
28909,2,4,2,24,2,137.33,1,1,0,2,1
21478,5,4,2,8,2,93.12,1,2,1,2,1
19861,5,4,2,14,1,153.57,1,3,0,2,1
26087,2,3,2,27,3,115,1,1,0,0,1
16630,2,2,1,7,2,89,0,1,1,2,1
26166,2,4,2,17,2,133,1,1,1,1,1
25525,6,3,2,17,2,143,1,3,0,0,1
29733,2,2,2,17,3,81.73,1,3,0,0,1
17800,2,2,1,6,1,60,1,2,1,0,1
41520,5,2,1,31,3,76.35,1,2,1,1,1
19480,2,2,1,20,2,79.57,1,3,0,0,1
26350,5,1,1,6,1,46.68,1,3,0,3,1
29737,5,1,1,8,1,38,1,2,1,1,1
18815,5,2,1,8,1,67.5,1,2,1,2,1
34000,5,3,2,7,1,87.56,1,2,0,1,1
30711,5,2,1,30,2,84.01,1,2,0,2,1
22956,5,2,1,7,2,66.65,1,2,0,2,1
21459,5,2,1,7,2,85.28,1,3,0,0,1
33964,5,2,1,27,3,82,1,3,0,2,1
8516,2,3,2,11,2,128,1,2,1,4,1
14567,6,3,2,31,1,96.11,1,1,1,4,1
7750,2,3,2,8,1,120,1,3,0,0,1
17399,1,3,1,31,3,89,1,1,0,0,1
20595,5,3,1,6,1,101,1,2,0,1,1
25281,2,3,2,32,1,89,1,1,0,0,1
19578,2,2,1,20,2,79.58,1,2,0,0,1
22993,5,2,1,7,2,67.63,1,2,0,4,1
20450,2,3,1,26,3,89,1,1,0,0,1
25830,2,4,2,22,3,110.34,1,2,0,0,1
30491,2,3,2,33,1,102,1,1,0,0,1
10941,1,3,2,6,1,117,1,1,0,2,1
32961,2,3,2,33,1,89.5,1,2,0,1,1
15202,2,3,1,7,2,102.23,0,2,1,4,1
14607,6,3,2,25,3,89,1,1,0,2,1
14847,6,4,2,17,3,130,1,1,0,1,1
10988,3,4,2,16,3,162,1,1,0,4,1
33595,2,4,2,32,3,113.41,1,3,0,2,1
11035,6,3,2,23,2,145,1,1,1,1,0
7968,3,3,2,16,3,123,1,1,0,2,1
33600,5,3,3,30,3,125,1,3,0,0,1
24328,2,4,2,27,1,120.44,1,1,1,2,1
27882,5,3,1,7,1,118,1,2,1,3,1
16351,2,3,1,6,3,94.8,1,2,1,3,1
15698,5,3,1,8,1,96,1,2,1,3,1
18370,5,4,2,12,2,184,1,2,0,3,1
4084,6,3,2,6,3,120,1,3,1,3,1
9852,6,3,2,7,2,135,1,3,0,1,0
32985,2,3,1,26,2,82.16,1,3,0,4,1
18540,6,3,1,18,1,89,1,3,0,3,1
10887,6,3,2,22,1,158,1,1,0,3,1
10778,3,3,2,13,1,123.87,1,2,0,2,1
17070,5,3,2,6,1,120.1,1,2,0,3,1
31156,3,3,1,14,2,89.23,1,3,0,0,1
14096,2,3,2,19,3,51.72,0,2,0,0,1
17558,6,3,2,27,3,131,1,3,1,4,1
25790,2,3,2,26,2,119.43,1,2,1,2,1
11410,6,3,2,11,3,94.66,1,3,0,3,1
18609,5,2,1,7,1,61.8,1,2,0,2,1
18782,2,4,2,11,3,167.72,1,3,0,4,1
24403,2,3,2,26,3,101.22,1,1,0,1,1
34283,2,3,2,31,3,89.55,1,3,0,3,1
21464,5,2,1,7,1,67.09,1,2,0,1,1
11843,6,3,2,28,3,152,1,1,0,3,1
7153,3,3,2,24,2,151,1,1,0,0,1
33119,2,3,2,33,1,93,1,1,0,1,1
18447,5,3,2,6,1,118.18,1,3,0,0,1
23059,5,3,2,29,2,141.38,1,3,1,2,1
30663,5,3,1,6,1,96.21,1,2,0,3,1
17685,2,3,1,29,3,101.67,1,1,0,0,1
20634,3,4,2,27,3,142,1,3,0,0,1
28998,2,4,2,27,3,125.53,1,1,0,3,0
17605,6,3,2,18,2,192,1,3,0,0,1
21471,3,4,2,26,3,130.41,1,3,0,4,0
27429,5,3,1,22,2,105,1,1,0,1,1
28704,2,4,2,27,3,127.16,1,1,0,1,1
13118,2,4,2,6,2,135.7,1,2,0,1,1
18497,5,3,1,7,2,93.26,1,2,0,4,1
22791,5,3,2,11,2,132.51,1,2,1,2,1
19096,3,3,1,23,2,87.98,1,3,0,0,1
16710,3,3,2,7,3,96.95,1,3,0,1,1
23468,2,3,1,25,1,124,1,1,1,3,1
12925,6,3,2,18,1,135.4,1,1,1,1,1
20000,2,3,2,32,2,101,1,2,0,1,1
30176,2,3,2,27,3,118.64,1,3,0,0,1
21646,5,3,1,7,2,90.55,1,2,0,2,1
33214,2,3,2,28,3,119.83,1,3,0,2,1
28610,2,3,2,33,1,141.91,1,2,1,3,1
18117,2,2,1,7,1,58.51,1,2,0,4,1
12200,3,3,2,11,1,137,1,1,1,1,1
42485,5,4,2,20,1,165,1,1,0,1,0
31927,5,3,2,26,3,112.76,1,3,0,4,1
25110,5,3,1,28,3,127.84,1,2,1,4,1
5573,6,3,2,7,2,131,1,3,0,1,1
28090,2,4,2,30,3,165.54,1,1,0,3,1
26547,5,3,2,26,1,139,1,1,0,1,1
13026,6,4,2,20,1,119,1,1,0,4,1
27813,2,3,1,32,3,89.17,1,3,0,0,1
17440,4,3,2,9,3,125,1,1,0,2,1
24433,5,2,1,20,3,96.46,1,3,1,3,1
13823,3,2,1,18,1,79.58,1,1,0,0,0
39984,5,2,1,2,3,71.28,1,2,0,3,1
27541,5,2,1,9,2,61,1,3,0,3,1
27186,5,2,1,6,2,58.12,1,1,1,2,1
9316,4,2,1,18,3,73,1,1,0,2,1
19211,5,2,1,7,3,67.67,1,1,0,3,1
21895,5,1,1,5,2,38,1,2,0,4,1
27181,5,1,1,18,1,49.3,1,1,0,2,1
27423,5,2,1,30,3,97,1,3,0,3,1
19569,4,2,1,29,2,84.32,1,3,1,4,1
16998,3,2,1,18,2,69.42,1,3,0,0,1
24815,2,3,2,6,1,108,1,3,0,3,1
6429,6,4,2,9,3,140,1,3,0,1,1
6250,6,4,2,4,1,140,1,2,1,1,1
21364,5,3,1,18,1,98.3,1,3,1,0,1
18429,2,2,1,8,2,70,1,2,1,1,1
18055,5,2,1,7,1,57.05,1,2,0,2,1
26482,5,3,1,7,2,101.58,1,2,1,3,0
18625,2,3,1,6,1,80,1,2,0,1,1
23075,5,4,2,7,3,163.82,1,2,0,4,1
15862,2,2,1,8,1,98.35,1,3,1,4,0
20548,2,4,2,15,3,151.84,1,3,0,0,1
16776,5,2,1,6,3,90.01,1,3,0,0,1
18750,2,4,2,8,2,80,1,2,0,2,1
15111,5,3,1,8,1,78.62,1,2,0,0,1
19228,5,3,2,11,3,123,1,3,1,3,1
19013,2,2,1,8,2,81,1,3,0,4,1
6389,6,6,4,6,1,180,1,3,0,0,1
18718,5,4,2,24,3,186.99,1,2,0,1,1
18327,5,3,1,7,1,92,1,2,0,1,1
30177,6,4,2,31,3,142,1,3,0,0,1
14431,6,5,2,26,2,158,1,1,1,4,1
32687,5,4,2,6,1,100.96,1,3,0,0,1
27531,5,4,2,19,1,220.12,1,3,0,3,1
41670,5,3,2,3,3,131.99,1,2,0,2,1
8710,3,4,2,11,2,155,1,2,0,0,1
25079,5,3,2,27,1,107.66,1,2,0,1,1
20784,2,3,1,20,1,87.09,1,3,0,0,1
12968,3,3,1,7,1,91,1,2,1,1,1
37851,5,3,1,22,3,107,1,3,0,2,1
19290,2,3,1,6,1,98.5,1,2,1,3,1
16742,2,3,1,6,1,89,1,2,1,2,1
19197,3,3,2,6,2,112,1,2,0,4,1
30317,5,3,2,17,2,108.85,1,1,0,3,1
23999,5,1,1,4,1,36.81,1,2,0,4,1
26987,5,3,2,32,1,113.02,1,3,0,4,1
22773,5,3,1,8,2,101,1,2,1,4,1
27536,5,3,1,7,1,95.15,1,2,1,0,1
28029,5,3,2,11,2,137.86,1,3,1,2,1
18566,5,3,2,6,2,119.04,1,2,0,2,1
27800,5,3,2,25,1,100,1,3,0,2,1
15500,5,3,2,11,2,140,1,1,1,0,1
22301,5,2,1,6,2,87.62,1,3,0,3,1
34720,2,3,2,27,3,89,1,3,0,1,1
8882,6,3,2,18,2,152,1,1,1,2,1
33970,5,3,2,23,1,133.06,1,3,1,2,0
26794,5,4,2,17,2,157.5,1,3,0,4,1
29499,5,4,2,6,1,104.31,1,3,0,0,1
12704,3,3,2,13,1,159.01,1,2,0,1,0
24078,5,3,2,7,2,116.29,1,2,0,4,1
23985,5,3,2,30,3,128,1,2,1,1,1
24337,5,3,2,11,1,113,1,3,1,3,1
18284,5,3,1,7,3,90.52,1,3,1,4,1
18852,2,2,1,7,3,94,1,3,1,4,1
9404,3,1,1,9,2,43.6,0,2,1,0,1
19200,2,1,1,11,3,25,1,2,0,0,0
19000,2,1,1,7,3,52,1,2,0,2,1
18100,2,2,1,20,3,80,1,1,0,0,1
20800,2,1,1,10,3,25,0,3,0,0,1
24099,5,2,1,3,3,52.7,1,2,0,2,1
11462,4,5,4,7,1,170.13,1,3,0,3,1
22492,5,1,1,6,1,45.44,1,2,0,1,1
18827,2,3,1,6,2,81.27,1,2,1,3,1
20000,2,2,1,6,3,74,1,3,0,3,1
15000,4,2,1,8,2,92,1,3,0,4,1
13750,3,2,1,18,3,80,1,1,0,0,1
36006,5,2,1,7,2,71.6,1,2,0,1,1
39047,5,2,1,7,2,75.55,1,3,1,4,1
43028,5,2,1,6,3,58.8,1,2,0,2,1
14613,3,2,1,11,2,97.18,1,3,1,4,1
56924,5,1,1,7,1,39,1,3,0,2,1
19365,2,2,1,20,2,74.88,1,3,0,4,1
18612,2,2,1,5,1,72,1,3,1,2,1
22991,5,2,1,5,1,62.07,1,3,0,1,1
17106,2,2,1,16,2,76,1,3,0,1,1
17476,2,2,1,6,1,72.1,1,2,0,2,1
17308,2,2,1,5,2,78,1,2,1,3,1
32028,5,2,1,31,3,79.62,1,3,0,1,1
32568,2,2,1,32,2,74,0,3,0,0,1
23399,5,2,1,7,2,71.8,1,2,1,2,1
27329,5,2,1,6,2,67.33,1,2,1,4,1
24327,5,1,1,6,1,52,1,3,0,2,1
18044,5,2,1,7,3,69,1,2,0,0,1
22841,5,2,1,7,3,50.7,1,2,1,1,1
14156,3,2,1,6,2,77,1,3,1,3,1
28296,5,1,1,3,3,31.1,1,2,0,2,1
28546,5,2,1,5,2,54.3,1,2,0,2,1
22559,5,2,1,7,2,64.5,1,2,1,4,1
29493,5,2,1,6,2,58.76,1,3,1,1,1
17942,6,2,1,23,1,68,1,3,0,4,1
23500,5,2,1,8,1,72,1,3,1,2,1
26500,5,2,1,5,3,54,1,2,0,2,1
16682,2,2,1,6,3,76.13,1,3,0,4,1
27571,5,2,1,6,2,56.22,1,2,0,1,1
21640,5,2,1,6,3,61,1,2,1,2,1
17286,5,2,1,7,1,56,1,3,1,1,1
36136,5,2,1,4,2,38.19,1,2,0,2,1
42208,5,2,1,28,1,56.72,1,2,1,0,1
35681,5,1,1,5,1,42.6,1,1,0,4,1
17000,5,2,1,8,1,70.8,0,3,1,2,1
17542,2,2,1,8,2,64.42,0,3,0,3,1
29474,5,3,2,15,3,114,1,3,0,4,1
24440,5,4,2,6,2,108.84,1,3,0,0,1
21493,5,3,1,10,2,126,1,2,0,3,1
18484,2,3,1,28,2,99.55,1,1,1,2,1
20143,3,3,2,27,1,108.23,1,1,0,4,1
15726,1,3,2,28,3,124,1,1,1,2,1
32385,2,3,2,31,2,89.55,1,2,0,1,1
29762,2,4,2,7,3,141.12,1,3,0,4,1
12500,3,3,1,7,3,111,1,3,0,4,1
34790,2,3,2,27,3,96.58,1,1,0,4,1
26222,5,3,1,15,1,117.46,1,2,0,4,1
30000,5,4,2,21,2,157.5,1,3,1,1,1
30573,2,3,1,30,2,89.95,1,2,0,0,1
23524,5,3,2,18,3,105,1,1,0,0,1
16400,5,3,1,7,1,75,1,2,1,3,1
30000,5,3,1,7,2,90.09,1,3,0,2,0
12904,6,3,2,18,1,139.5,1,1,0,2,1
30113,2,3,2,19,2,89,1,3,1,3,1
22479,5,3,2,11,2,116.11,1,2,0,4,1
20751,5,4,2,11,1,148.43,1,2,1,0,1
21166,5,4,2,17,1,134.18,1,2,1,1,1
9211,1,3,2,7,2,114,1,1,0,3,1
13987,6,3,2,18,1,143,1,1,1,3,1
17511,5,3,1,8,2,94.8,1,2,1,2,1
29000,2,4,2,28,2,106,1,2,0,0,1
37684,5,3,2,25,3,145.37,1,3,0,0,1
26340,5,3,2,32,1,112,1,3,0,2,1
34775,2,4,3,4,3,155,1,1,1,1,0
21667,5,3,1,7,1,102,1,2,1,2,1
25000,5,3,2,26,1,137,1,1,0,2,1
24960,5,3,1,15,1,125,1,2,1,4,1
23000,5,4,2,19,3,186.95,1,2,1,2,1
18192,5,3,1,7,2,93.45,1,2,1,3,0
19324,5,2,1,7,2,62.1,1,3,0,2,1
11875,3,3,1,11,2,80,1,1,0,0,1
23939,2,3,2,32,3,97,1,1,1,1,1
29883,2,3,2,33,3,102.4,1,3,0,0,1
18398,2,2,1,6,3,56.8,1,2,0,4,1
27491,5,3,2,30,1,112.04,1,3,0,1,1
21318,6,4,2,16,3,129,1,3,0,0,1
30556,5,2,1,8,2,72,1,2,0,1,1
20307,5,4,1,7,2,76.33,1,2,0,3,1
13742,4,3,2,11,3,147,1,1,1,1,1
22858,2,2,1,28,3,74.33,1,2,1,3,1
27667,5,4,2,29,1,172.77,1,1,0,1,1
10250,1,3,2,26,1,136.5,1,1,0,1,1
22970,2,3,2,25,2,123.64,1,1,1,2,1
24451,5,3,2,19,1,120.65,1,3,1,3,1
33000,2,3,2,33,2,119,1,2,0,3,1
13496,3,3,1,30,2,105,1,1,0,4,1
27273,2,3,1,17,3,88,1,2,0,0,1
18587,5,2,1,7,1,70.48,1,2,0,2,0
25795,2,3,2,27,3,96.88,1,1,0,0,1
21482,5,3,2,6,3,108,1,2,1,4,0
47391,5,4,2,25,2,135.68,1,1,0,2,1
14429,5,3,2,6,1,145.54,1,2,0,3,1
26461,5,3,2,32,2,113,1,3,0,1,1
22728,2,3,1,17,2,99,1,1,0,2,1
27103,5,3,2,24,3,107,1,1,0,4,1
32043,5,2,1,30,3,97.37,1,3,0,1,1
26638,3,3,2,26,3,119.38,1,3,0,0,1
14342,3,3,1,11,2,89.25,1,1,1,0,1
15138,2,3,1,26,3,115.61,1,3,0,3,1
20938,5,3,1,7,2,96,1,2,0,1,1
27202,2,4,2,23,2,131.61,1,1,0,0,1
21806,5,2,1,7,1,72,1,2,0,3,1
11373,6,3,2,7,2,102,1,2,0,2,1
22951,1,4,2,36,2,122,1,1,1,4,1
18530,5,2,1,7,1,68,1,2,0,3,1
24634,2,3,2,34,2,93.37,1,1,1,1,1
22091,1,3,2,46,1,107.74,1,2,0,2,1
17561,5,3,2,14,1,123,1,2,1,0,1
18422,3,3,1,19,1,114,1,3,0,2,1
14955,5,3,2,21,2,109,1,3,0,0,1
18718,5,2,1,7,2,67.05,1,2,1,1,1
16240,5,2,1,7,1,71,1,3,0,4,1
16946,5,3,1,7,1,92,1,2,0,1,1
8718,6,4,2,15,2,195,1,2,1,0,1
14328,5,4,2,20,1,180.07,1,3,0,4,1
20209,5,3,2,17,2,96,1,3,1,0,1
28815,5,4,2,7,1,125.98,1,2,1,4,1
26394,5,2,1,7,2,67.44,1,2,0,4,1
20616,5,2,1,7,3,58.21,1,1,1,4,1
18000,5,4,2,18,1,171,1,2,0,0,1
19546,5,2,1,9,3,88,1,3,0,3,1
22070,2,2,1,6,3,55.28,1,3,0,1,1
22677,5,2,1,7,3,71,1,3,0,4,0
23413,5,2,1,15,2,80.3,1,3,0,1,1
17152,5,3,1,8,2,110.02,1,1,1,3,0
16011,5,3,2,10,2,143,1,3,0,0,1
54290,5,4,3,24,3,166.7,1,3,0,2,1
14100,5,4,2,21,2,166.11,1,2,1,2,1
18381,5,3,1,7,3,78.89,1,2,0,4,1
17992,5,3,2,7,2,112,1,3,0,4,1
12825,5,2,1,18,3,57.7,1,1,0,0,1
17401,2,3,1,7,1,94.25,1,2,0,3,1
27324,6,4,2,27,3,142,1,3,0,0,1
16184,2,3,1,8,2,92.07,1,2,1,1,1
17803,5,4,2,7,2,185.93,1,2,0,3,1
16747,5,3,2,18,3,130,1,2,1,1,1
17547,5,3,1,7,3,89.76,1,3,0,2,1
28000,5,4,1,31,2,154,1,3,0,2,1
21512,5,2,1,18,2,96.6,1,3,0,0,1
19707,5,3,1,7,2,81.7,1,2,1,1,1
18209,5,2,1,7,3,67,1,2,1,4,1
17228,2,2,1,7,1,74,1,2,0,4,0
17500,5,2,1,8,3,69,1,2,0,4,1
18559,5,2,1,18,3,91.6,1,2,0,3,1
27208,5,2,1,23,3,79.39,1,3,1,0,1
32501,5,2,1,33,1,82.86,1,3,1,1,1
9375,2,2,1,5,2,48,1,3,0,4,1
7978,3,2,2,16,1,89,1,1,0,3,1
10598,1,2,1,26,3,78.32,1,1,0,2,1
13572,3,2,1,11,2,70,1,2,0,0,1
29025,5,2,1,7,2,56.16,1,3,1,1,1
23810,5,2,1,5,3,42,1,2,0,4,1
28962,5,1,1,8,2,36.6,1,3,1,2,1
26400,5,2,1,27,3,78.79,1,2,0,2,1
8293,6,3,1,6,1,82,1,2,0,1,0
21593,5,2,1,5,2,51.87,1,2,1,3,1
13446,6,1,1,7,2,65.45,1,3,1,0,1
28675,5,1,1,31,1,44.29,1,1,1,1,1
19027,2,2,1,31,3,90.4,1,1,0,1,1
29199,2,2,1,26,3,89.56,1,3,1,4,1
29138,5,3,1,7,1,53.54,1,3,0,4,1
17490,2,2,1,6,1,59.58,1,2,1,1,1
13527,3,2,1,18,1,80.58,1,1,0,0,0
17983,2,1,1,5,2,47.88,1,1,0,1,1
21042,2,3,2,6,3,112.16,1,1,0,1,1
16293,2,3,1,7,1,87.65,1,3,1,3,1
25897,5,3,2,21,1,94.22,1,1,0,0,1
25804,5,3,2,11,1,138.47,1,3,1,1,1
18482,2,2,1,20,2,79,1,1,0,0,1
25058,5,3,2,17,3,87,1,2,0,1,1
12800,3,2,1,11,3,75,1,3,1,0,1
31902,5,2,1,8,1,65.2,1,2,0,2,1
29849,5,1,1,18,2,55.28,1,3,1,1,1
29534,5,2,1,15,1,36.23,0,1,0,0,1
28833,5,1,1,5,2,41.62,1,1,1,1,1
22340,5,2,1,8,1,66.07,1,2,0,3,1
18948,2,2,1,20,1,76,1,1,0,0,1
29157,2,2,1,13,2,50.76,1,3,0,1,1
21114,5,2,1,6,1,54.23,1,2,0,3,1
20496,5,3,2,32,3,81.97,1,1,0,3,1
30148,5,2,1,8,1,68,1,2,0,3,1
18766,3,2,2,24,2,81,1,1,1,3,1
23021,5,2,1,7,2,67.33,1,2,1,4,1
12000,6,3,2,11,1,134,1,1,1,3,1
16827,2,3,2,30,3,104,1,1,1,0,0
22676,5,2,1,7,1,78.5,1,2,1,3,1
21300,2,3,2,31,2,100,1,1,0,2,1
24610,5,2,1,8,2,75.58,1,2,1,3,1
15860,5,3,2,18,3,128,1,2,1,3,1
8971,3,3,2,6,3,136,0,2,0,0,1
33208,5,3,1,32,1,106,1,2,0,1,1
15426,2,3,1,6,2,94,1,2,1,4,0
16500,2,2,1,7,1,64.48,1,2,0,3,1
28016,2,3,1,30,3,89.95,1,3,0,0,1
19091,2,2,1,5,1,55,1,2,0,3,1
20000,2,3,1,13,2,87,1,3,0,4,0
27000,5,4,2,27,3,144.26,1,3,1,4,1
8379,6,4,2,5,1,106.23,1,2,0,4,0
16515,5,3,1,8,1,90.83,0,3,1,4,1
15204,2,3,2,6,2,107.21,1,2,0,1,0
9007,3,4,1,11,3,154.34,1,3,0,0,1
24003,5,3,2,27,3,106.49,1,2,0,3,1
23260,5,3,2,30,3,111.78,1,3,0,4,1
11962,6,2,1,30,2,122.06,1,2,1,2,1
16881,5,3,1,6,1,89.45,1,2,0,1,0
16491,5,3,1,7,2,96.3,1,2,1,3,1
21372,5,3,2,3,3,100.6,1,3,0,2,1
16000,2,2,1,11,2,81,1,2,0,0,1
13143,6,3,2,5,1,70,1,3,1,2,1
28640,2,3,2,24,2,92.88,1,3,0,3,1
33020,2,3,2,32,3,89.34,1,3,0,1,0
35798,5,3,1,7,2,84,1,2,1,1,1
16115,2,3,1,7,1,89.98,1,2,0,1,1
34693,5,3,1,6,2,118.18,1,2,1,3,0
16217,4,4,2,6,3,166.5,1,2,0,4,1
32073,5,3,1,7,1,92.29,1,2,0,2,1
31516,5,3,2,32,3,132,1,2,0,1,0
30000,2,3,2,35,3,123,1,1,0,1,1
30000,5,3,1,23,3,113,1,3,0,4,1
23500,5,3,2,28,2,146.98,1,3,1,2,1
16911,2,3,2,6,3,99.63,1,2,1,0,0
19138,5,3,1,6,2,88.83,1,2,1,1,1
19774,2,2,1,18,1,73.33,1,3,0,0,1
24680,5,2,1,7,2,64.83,1,2,1,3,1
29656,5,3,1,7,3,87,1,2,1,3,1
24750,5,3,1,6,1,80,1,2,1,4,1
29212,5,3,1,7,1,85.24,0,2,1,1,0
17490,2,3,1,6,3,80.05,1,2,1,0,1
28495,5,4,2,28,1,158.98,1,3,0,2,1
22992,5,3,1,6,2,90.6,1,2,0,3,1
35019,5,2,1,7,1,57.97,1,2,0,4,1
18766,2,3,2,6,2,114.57,1,3,1,1,1
32040,5,3,1,6,2,90.14,1,3,1,2,1
31747,5,3,1,7,2,90.09,1,3,0,2,0
15158,3,3,1,20,2,80.49,1,2,0,0,1
16202,1,3,2,25,1,132.7,1,3,1,1,1
11875,4,4,2,7,1,160,1,3,1,3,1
21945,5,3,1,7,1,81.57,1,3,0,0,1
10477,3,3,2,16,3,126,1,3,1,2,1
13334,6,4,3,25,1,165,1,1,0,1,0
19000,2,3,1,29,1,107,1,2,0,3,1
12278,2,3,2,28,3,122.17,1,1,0,0,1
24215,5,4,2,12,3,185.01,1,3,1,2,1
28493,5,3,2,7,3,85.6,1,2,1,0,1
24045,5,4,2,21,1,178,1,3,1,2,0
23018,5,3,2,11,2,132.51,1,3,1,2,1
17480,5,3,1,17,1,140.74,1,2,1,2,1
13385,2,3,2,28,2,141.96,1,1,0,0,1
20962,5,2,1,7,1,85.87,1,2,1,3,1
32647,2,3,2,26,2,86.38,1,3,1,4,1
28956,2,3,2,27,1,96.7,1,3,0,0,1
16447,2,3,2,32,3,121,1,1,0,4,1
11058,6,2,2,22,2,104,1,1,0,2,0
33501,5,3,1,25,2,126.41,1,2,0,3,1
26179,5,2,1,8,1,91.68,1,2,1,1,1
8853,6,3,2,6,3,122,1,2,0,2,1
17852,3,3,2,18,1,152.37,1,3,0,4,1
33000,5,2,1,7,2,82,1,3,0,2,1
32064,5,3,2,7,2,87.95,1,3,1,2,1
16400,5,3,1,8,2,70,1,2,0,0,1
12556,2,3,2,28,3,123.45,1,1,0,0,1
27961,5,4,2,23,3,152,1,3,1,1,1
18009,2,3,2,30,3,123,1,3,1,0,1
31293,2,3,1,33,3,87.24,1,3,0,0,1
24942,2,3,1,11,3,85,1,3,0,3,1
19048,2,3,2,33,1,105,1,1,1,2,1
24986,5,3,2,32,2,135.68,1,3,0,1,1
19759,2,3,1,6,3,91.1,1,3,1,1,1
19543,5,3,2,27,1,163.64,0,3,0,4,1
37275,2,3,2,27,2,96.58,1,3,0,1,1
24989,2,3,2,18,3,89.24,1,1,0,1,1
14899,2,2,1,7,2,88.6,1,2,0,2,1
17930,5,3,2,7,2,133.3,1,2,0,4,1
26180,5,3,1,6,3,83.27,1,2,1,2,1
18690,2,3,2,20,3,87.91,1,3,0,0,1
15598,6,3,2,23,2,159,1,3,1,4,1
26495,2,3,2,34,3,97,1,3,1,3,1
36975,5,2,1,8,2,71.4,1,2,1,4,1
23498,5,2,1,20,2,96.18,1,3,1,3,1
26549,5,2,1,8,2,50.85,1,3,0,3,1
34063,5,2,1,8,2,64,1,2,0,1,1
19800,5,2,1,7,2,50,1,2,1,1,1
27282,5,2,1,6,2,64,1,1,1,4,1
38236,5,3,2,24,1,102,1,3,0,2,1
17894,5,1,1,8,1,39.12,1,2,1,4,1
29556,5,1,1,4,2,45,1,2,1,1,1
21460,5,2,1,5,1,51.26,1,2,0,4,1
31857,5,2,1,7,2,48.97,1,2,1,4,1
14108,3,2,1,6,1,71.24,1,3,1,4,1
22802,5,2,1,5,2,58.33,1,2,0,3,1
38956,5,2,1,7,2,74.7,1,3,0,3,1
19957,5,2,1,8,1,91.2,1,3,0,3,1
23988,5,2,1,6,2,65.7,1,3,0,2,1
27497,5,2,1,7,1,66.19,1,2,0,2,1
43616,5,2,1,7,3,60.3,1,2,0,2,1
27140,5,2,1,7,2,74.8,1,2,0,2,1
20985,5,2,1,8,2,63,1,2,1,1,1
14723,3,2,1,6,3,72,1,2,0,0,1
25041,5,1,1,23,1,61.9,1,1,0,4,0
22538,5,2,1,6,1,67,1,2,1,1,1
26450,5,2,1,7,2,72.59,1,3,0,1,1
11914,6,2,1,5,2,57.08,1,3,0,1,1
35334,5,1,1,28,1,60,1,3,0,4,1
20692,5,1,1,8,2,36.73,1,2,1,3,1
27337,5,2,1,6,3,58.53,1,1,0,1,1
18334,2,2,1,15,3,90,1,1,0,3,1
14820,3,2,1,20,1,83,1,3,0,0,1
18065,3,3,1,23,3,88.57,1,2,0,0,1
23643,5,2,1,6,3,65.56,1,3,0,2,1
29342,5,2,1,4,2,50.1,1,2,0,3,1
20438,2,2,1,7,2,76.33,1,3,0,2,1
23770,2,2,1,17,2,76.57,1,1,0,0,1
27920,5,2,1,4,3,50.86,1,2,0,2,1
11470,2,3,1,26,1,126.42,1,2,0,0,1
33295,5,2,1,7,2,60.07,1,2,0,1,1
27422,2,3,1,16,1,78.04,1,1,0,0,1
26997,5,3,2,18,3,155.24,1,1,0,2,1
23300,5,2,1,7,1,50,1,3,0,2,1
31273,5,2,1,4,1,55,1,1,0,1,0
18928,5,2,1,7,2,62.87,1,2,1,3,1
29019,5,2,1,18,2,62.03,1,2,1,3,1
32000,5,2,1,30,1,65.15,1,2,0,4,1
27765,5,2,1,11,2,84.64,1,3,1,1,1
17756,2,2,1,7,2,66.46,1,2,1,2,1
17892,5,2,1,7,3,73.22,1,2,0,3,1
18992,5,2,1,7,1,47.02,1,2,0,3,1
14198,3,2,1,15,1,81,1,1,0,0,1
27090,5,2,1,6,1,61.87,1,1,1,1,1
16772,5,2,1,8,1,73.1,0,2,1,3,1
27461,5,2,1,7,2,63,1,2,0,1,1
13794,3,2,1,24,3,87,1,1,0,0,1
18312,2,2,1,7,3,83.01,1,3,0,3,1
26487,5,2,1,8,2,54.14,1,2,0,1,1
27945,5,2,1,27,2,95.19,1,1,0,1,1
22794,2,2,1,6,3,102.22,1,3,0,1,1
20457,5,2,1,8,2,65.75,1,3,1,3,1
24266,5,2,1,7,2,64.7,1,2,1,2,1
20249,2,2,1,20,2,78.03,1,3,0,0,1
29097,5,2,1,6,1,70.8,1,3,0,3,1
33500,5,2,1,28,1,60,1,2,0,2,1
10035,6,2,1,18,1,89.69,1,1,0,0,1
22466,5,2,1,7,3,73,1,2,0,3,1
21921,5,2,1,6,3,95.8,1,3,1,0,1
22500,2,2,1,26,2,82,1,1,0,2,1
24187,5,2,1,7,2,43,1,2,0,2,1
16072,5,1,1,28,3,56,0,1,0,3,0
20602,5,2,1,5,1,54.85,1,2,1,2,1
29057,5,2,1,28,2,56.89,1,2,0,1,1
31132,5,2,1,28,1,61,1,1,0,2,0
21943,5,3,2,7,1,104.82,1,2,0,3,1
12295,5,2,1,7,2,85,1,2,1,1,0
21183,5,2,1,7,2,76.48,1,1,0,3,1
36459,5,2,1,23,2,110.81,1,3,0,3,1
21444,2,3,1,17,1,105.86,1,1,0,0,1
22125,5,2,1,23,3,80,1,1,0,4,0
23374,5,2,1,7,2,71.02,1,3,0,2,1
19810,5,3,1,8,1,93.39,1,3,0,2,1
23802,5,3,2,30,2,155.66,1,2,1,4,1
24506,5,2,1,5,3,58.6,1,2,0,1,1
19729,5,3,1,7,1,91.24,1,3,1,3,1
22772,5,3,1,6,1,83,1,3,0,1,1
31923,5,3,2,26,3,97.11,1,3,0,0,1
26282,5,3,1,17,3,98.93,1,2,1,4,0
9755,6,3,1,6,2,84.06,1,2,1,2,1
18511,2,3,2,7,2,94,1,3,1,3,1
27662,2,3,2,18,3,88.57,1,3,0,4,1
25488,5,1,1,4,2,33.35,1,2,0,4,1
21651,3,3,1,6,3,83.6,1,3,0,2,0
21291,5,3,1,6,2,93,1,2,0,4,0
13891,3,3,2,11,3,89.99,1,1,0,0,1
26416,5,4,2,28,3,159,1,3,0,4,1
23903,5,2,1,4,2,45.77,1,2,0,2,1
18801,5,3,1,6,2,105.42,1,2,0,3,1
19553,5,4,3,6,1,131.7,1,2,0,2,0
25513,5,3,1,8,2,99.95,1,3,0,1,1
24665,6,3,2,18,2,121.63,1,3,0,0,1
7012,6,4,2,10,3,146.91,1,1,0,3,1
20534,5,3,2,6,3,107.14,1,2,0,0,1
24904,5,2,1,6,2,80.31,1,2,1,1,1
20560,2,3,2,7,2,110.9,1,2,0,1,1
10000,3,4,2,11,2,130,1,1,1,0,1
21975,5,3,1,7,2,84.87,1,2,0,0,0
25511,5,3,1,8,2,98,1,3,0,1,1
19465,5,3,2,11,2,116.11,1,3,1,4,1
19868,5,3,1,6,2,90.6,1,2,1,4,1
19006,5,4,2,7,1,142.59,1,2,0,4,1
29652,5,2,1,23,3,89,1,3,1,0,1
19924,5,3,1,7,1,88.34,1,3,0,1,1
14430,3,3,1,6,3,115.6,1,3,0,0,1
8530,1,3,2,26,3,136,1,1,0,2,1
40323,5,2,1,7,1,74.4,1,2,0,4,1
32000,5,3,1,6,2,88,1,2,0,3,1
15695,5,2,1,7,3,72,1,2,0,2,1
20500,5,3,2,7,1,113.27,1,3,0,0,1
27978,2,3,1,33,1,89,1,2,1,4,1
23727,5,3,2,26,3,115.06,1,3,0,4,1
29500,5,3,1,31,2,116,1,3,0,4,0
20254,5,3,2,17,2,97,1,3,1,0,0
21480,5,4,2,23,3,154.1,1,2,1,3,1
14837,4,3,1,7,1,122,1,2,0,0,1
30058,5,3,2,6,1,69.2,1,2,1,2,1
27587,5,3,1,6,2,87,1,3,1,0,0
19397,2,2,1,7,1,58,1,3,0,4,0
23851,5,3,2,25,1,150.1,1,3,0,3,1
22634,5,3,2,8,2,94.99,1,2,1,1,1
33625,5,2,1,7,2,106.47,1,2,1,3,1
34168,2,4,2,33,1,130.24,1,3,0,1,1
29576,5,3,2,7,3,104.48,1,3,1,4,1
36225,5,3,2,11,1,109.87,1,3,0,0,1
22743,5,4,2,9,1,175,1,2,0,0,0
23934,5,3,2,20,3,150,1,2,0,4,1
33807,5,3,1,7,2,88.09,1,2,0,4,1
28668,5,3,2,30,1,131.51,1,3,0,2,1
33200,5,3,1,8,1,125,1,2,0,1,0
30523,5,4,2,16,3,153,1,1,1,3,1
8713,6,4,2,10,1,146.91,1,1,0,2,1
35610,5,3,1,7,2,82,1,2,0,3,1
28000,2,4,2,26,2,120,1,3,1,1,1
24597,5,3,1,7,1,123.19,1,3,1,0,1
23585,5,3,2,23,2,126.78,1,2,0,3,1
26667,5,3,1,8,2,78,1,3,0,3,1
29953,5,3,2,20,1,137.55,1,2,0,4,1
33458,5,4,2,32,1,134.5,1,1,0,4,1
24000,5,3,1,32,3,161,1,2,0,2,1
27447,5,3,2,30,2,141,1,2,0,1,1
17574,5,3,1,9,1,95.6,1,2,1,1,0
16993,5,3,2,7,1,133,1,3,0,1,1
17000,5,3,2,11,2,140.8,1,3,1,0,1
16631,5,3,2,7,2,139.2,1,2,1,1,1
36943,5,4,2,32,1,133.45,1,1,0,2,1
23592,3,3,2,27,1,142,1,3,0,0,0
38212,5,3,2,6,3,72.23,1,2,1,2,1
22500,2,3,2,10,1,100,1,3,0,0,1
28431,2,3,1,33,3,88.88,1,3,1,2,0
41965,5,3,2,25,1,153.94,1,3,0,2,1
30672,2,3,2,28,2,88.03,1,3,0,0,1
8986,6,4,2,10,2,146.91,1,1,0,4,1
12706,3,3,1,25,1,85,1,2,0,0,0
21229,5,4,2,10,2,155.45,1,3,1,1,1
25477,5,4,2,7,2,168,1,3,0,1,1
23438,5,3,1,7,2,96,1,2,1,4,1
7760,2,3,1,10,2,125,1,3,0,1,1
31949,5,2,1,15,1,77,1,3,0,4,1
30514,5,3,1,7,1,103.56,1,2,1,3,1
17546,2,2,1,6,1,76.66,1,2,1,3,1
21090,5,4,2,11,3,141.3,1,3,1,1,1
13961,3,2,1,6,2,89.54,1,3,0,0,1
8847,3,3,1,5,2,130,1,1,1,0,1
14663,2,2,1,6,3,98.89,1,2,1,2,1
16588,2,2,1,7,2,73.91,1,2,1,1,1
7978,3,2,1,16,1,89,1,1,0,1,0
19260,2,2,1,7,2,53.48,0,2,1,0,1
24500,5,2,1,5,2,66,1,2,0,5,1
26687,5,2,1,25,1,80.19,1,3,0,1,1
23500,5,2,1,7,2,68,1,2,0,4,1
38751,5,1,1,5,2,42.58,1,2,0,3,1
31349,2,3,2,33,3,89,1,3,0,5,1
34019,5,2,1,33,3,63.2,1,1,0,2,0
34941,5,2,1,6,2,70.12,1,2,1,2,1
19824,2,2,1,18,3,72.64,1,1,0,1,1
40000,5,2,1,29,2,80,1,2,0,2,1
18497,2,3,1,7,1,83.8,1,3,1,1,1
22006,5,2,1,7,2,68.62,1,2,0,5,1
23542,5,2,1,5,1,48,1,2,0,2,0
12858,3,2,1,11,2,70,1,1,0,0,1
17000,2,2,1,7,1,79,1,2,1,0,1
40536,5,2,3,27,2,81.41,1,3,1,2,1
28847,5,2,1,6,3,52,1,2,0,2,1
29033,5,2,1,7,1,46.5,1,2,0,3,0
20764,2,2,1,7,1,50.57,1,2,1,4,1
35264,5,2,1,11,1,76,1,2,0,3,1
30176,5,3,1,7,2,57,1,2,1,1,1
43173,5,2,1,7,2,68.33,1,3,0,3,1
42733,5,1,1,8,2,40.25,1,2,0,1,0
33027,5,2,1,6,3,75.94,1,1,0,5,1
21445,2,2,1,11,3,27,0,3,0,0,1
19697,2,2,1,20,3,72.6,1,3,0,0,1
39896,5,2,1,8,2,72.44,1,2,0,1,1
37424,5,2,1,6,1,70.01,1,3,0,0,1
46429,5,2,1,7,3,42,1,2,0,3,1
19897,2,2,1,6,2,97,1,2,0,3,1
19501,2,2,1,26,3,70.1,1,1,1,1,1
32433,5,2,1,30,2,64.75,1,3,0,3,1
20078,5,1,1,4,2,38.6,1,3,0,2,1
18311,2,2,1,22,1,80.83,1,1,0,2,1
22500,5,2,1,7,2,72,1,3,0,0,1
20787,6,2,1,27,3,89,1,1,0,4,1
31808,5,2,1,8,3,56.59,1,2,0,1,1
21372,5,2,1,7,2,62.7,1,2,1,2,1
28081,5,2,1,7,1,66.95,1,2,0,3,0
25215,5,2,1,25,3,68.61,1,1,0,3,1
32945,5,2,1,7,2,74.67,1,2,1,0,1
28735,5,2,1,28,1,79,1,3,0,2,0
22986,2,2,1,24,3,67,1,1,0,0,1
20810,5,2,1,7,1,66.46,1,2,0,3,1
34801,5,2,1,4,1,48.85,1,2,0,1,0
27545,5,2,1,7,1,55.8,1,3,0,2,0
25394,5,2,1,8,2,61,1,2,0,4,1
26199,5,2,1,7,2,74.66,1,3,1,5,1
20733,5,2,1,7,2,95.5,1,2,0,1,1
22134,5,2,1,8,2,57.83,1,2,0,2,1
33418,5,2,1,6,3,71.22,1,2,0,4,1
9406,3,2,1,13,3,101,1,1,0,1,1
34919,5,2,1,6,1,61,1,2,0,4,1
22651,5,2,1,7,2,83,1,2,0,1,1
28457,5,2,1,4,1,49.9,1,2,0,4,1
32034,5,2,1,4,3,59,1,2,0,4,1
27467,5,2,1,6,3,60,1,2,1,3,0
21067,5,2,1,7,1,75,1,3,0,3,0
30000,5,2,1,5,2,53,1,2,0,4,1
38970,5,2,1,5,3,46.19,1,2,0,2,1
32942,5,2,1,5,2,51,1,2,0,1,0
23473,3,3,1,18,3,72,1,3,0,2,1
27500,5,2,1,8,2,38,1,3,0,5,1
35493,5,2,1,33,1,63,1,1,0,1,1
25062,5,2,1,22,2,77.81,1,2,0,1,0
17484,2,3,1,6,1,75.5,1,2,1,0,1
30751,2,2,1,32,2,73.17,1,1,0,0,1
29114,5,1,1,8,2,39.5,1,2,1,3,0
20000,2,2,1,23,3,80,1,3,0,0,1
26429,5,3,1,23,3,79.46,1,3,1,0,1
27820,5,2,1,6,2,66.5,1,3,1,3,1
14770,3,2,1,18,2,69.06,1,3,0,0,1
35834,5,2,1,7,3,60,1,2,0,1,1
18037,5,2,1,19,1,81.5,1,2,0,4,1
34123,5,1,1,31,3,49,1,3,1,4,1
17321,3,2,1,6,2,73.9,1,3,0,0,0
30361,5,1,1,8,3,26.35,1,2,0,2,0
27907,5,1,1,8,2,43,1,2,1,2,1
35107,5,2,1,8,2,47,1,2,1,1,0
21192,5,2,1,12,1,92.8,1,3,1,2,1
59553,5,1,1,6,1,20.99,1,2,1,2,1
47352,5,1,1,6,1,28.51,1,2,1,4,0
23405,5,2,1,7,3,61.1,1,2,1,1,1
14000,3,2,1,11,1,70,1,2,1,0,1
27723,5,2,1,6,1,58.23,1,2,1,4,1
24000,5,2,1,6,3,65.7,1,2,0,5,1
23991,5,2,1,7,1,81.74,1,3,0,2,1
23810,5,2,1,6,1,42,1,3,0,1,1
27478,5,2,1,5,3,46.22,1,3,0,4,1
18500,2,2,1,27,1,80,1,2,0,0,1
25439,5,2,1,6,3,57,1,3,0,5,1
40528,5,2,1,7,2,70.94,1,3,1,3,1
25953,5,1,1,8,1,42,0,3,0,5,1
20793,5,3,1,8,2,101,1,2,0,2,1
40936,5,2,1,7,2,68.4,1,2,1,3,1
28760,2,2,1,13,3,50,1,3,0,1,1
23457,5,2,1,7,2,66.08,1,2,1,3,1
18700,2,2,1,22,2,80,1,1,0,2,0
19445,2,2,1,19,2,54,1,3,0,0,1
23353,5,2,1,7,1,64.66,1,2,1,2,1
28306,5,2,1,6,3,60.06,1,2,1,3,1
26842,5,2,1,6,1,49.55,1,3,0,2,1
29765,5,2,1,7,2,85,1,1,1,1,1
38451,5,2,1,6,3,71,1,2,1,1,1
13292,3,2,1,25,1,79,1,2,0,0,1
23479,5,1,1,5,2,37.6,1,3,1,5,1
24692,5,2,1,7,1,48.6,0,2,0,4,1
20000,2,3,1,33,3,93,1,1,0,3,0
19800,5,3,1,5,3,79.8,1,2,0,4,1
36493,5,2,1,6,2,81.88,1,2,0,1,0
24800,5,2,1,5,2,50,1,3,0,1,1
24485,5,2,1,5,2,51.87,1,3,1,2,1
19258,2,2,1,6,1,80.49,1,3,0,2,1
18293,5,3,1,8,1,90.2,1,3,1,2,1
9321,3,2,1,14,1,103,1,1,0,0,1
26792,5,2,1,22,1,81.22,1,3,0,4,1
8900,3,2,1,14,2,103,1,1,0,0,1
26459,5,2,1,7,3,48,1,2,1,1,1
40883,5,2,1,7,2,68,1,2,1,4,1
25000,5,1,1,23,1,62,1,1,0,3,1
40357,5,1,1,5,2,38.16,1,2,0,5,1
25165,5,2,1,7,2,72.8,1,3,1,3,1
18790,5,2,1,6,2,74.51,1,2,0,1,1
19657,2,2,1,20,2,76.31,1,2,0,0,1
27059,5,2,1,6,3,42.5,1,2,0,3,1
17055,5,2,1,7,3,64.5,1,3,1,3,1
25848,5,2,1,7,1,79.31,1,3,1,3,1
24307,5,2,1,18,3,76.11,1,2,0,2,1
32097,5,2,1,12,1,63.87,1,2,0,1,1
28000,5,2,1,7,2,65.14,1,3,0,2,1
23860,5,2,1,22,2,100.59,1,3,0,1,1
22492,5,2,1,8,1,67.58,1,3,0,5,1
18804,2,2,1,26,3,84.56,1,1,1,4,1
17883,2,3,1,6,1,85,1,3,1,1,1
38322,5,2,1,7,2,71.5,1,3,0,3,1
19218,2,3,1,16,2,112.92,1,3,1,3,1
23160,5,3,1,7,1,82.04,1,3,1,3,1
43896,5,2,1,7,3,60.37,1,2,1,2,1
22504,5,2,1,15,3,145.31,1,2,1,2,1
24276,5,3,2,7,2,138,1,2,1,1,1
10804,3,4,2,11,1,143.47,1,2,0,2,1
9710,3,4,2,14,3,154.48,1,2,0,0,1
9883,6,4,2,21,3,170,1,1,1,2,1
47481,2,8,3,31,1,185.34,1,3,0,3,1
18422,2,3,1,7,2,95,1,2,1,4,1
15582,2,4,2,6,3,129,1,1,0,1,1
34564,5,4,2,32,2,161.73,1,1,0,3,1
19016,2,5,3,11,2,193,1,1,0,0,1
20410,5,5,2,7,1,180.8,1,3,1,3,1
23399,5,3,2,14,2,153,1,2,0,1,1
18039,5,3,1,9,2,88.7,0,2,0,4,1
34384,5,4,2,23,3,139.6,1,1,0,1,0
14365,2,3,1,8,2,95.72,0,2,1,3,1
31863,5,3,1,6,1,84.74,1,2,0,1,1
32500,5,3,1,7,1,82,1,2,1,5,1
30970,5,5,2,25,1,196,1,3,0,0,1
20715,5,2,1,7,1,70,1,3,0,3,1
19806,5,2,1,8,1,77,1,2,0,1,1
25564,6,4,2,25,2,133,1,3,0,0,1
21588,5,2,1,6,1,60.22,0,2,1,4,1
10910,1,3,2,29,3,123.75,1,3,1,2,1
10358,6,3,2,21,3,140,1,1,0,1,1
24750,2,3,1,12,1,88.89,1,3,0,2,0
27497,5,2,2,7,3,135,1,2,1,2,1
26824,5,3,2,6,1,85,1,1,0,3,1
35435,5,1,1,4,2,48.54,1,2,0,4,1
17869,4,3,2,32,3,122,1,3,1,3,1
22196,1,4,2,44,2,140.66,1,1,0,2,1
12152,1,4,2,7,3,158,1,3,0,5,1
24529,6,4,2,26,1,159,1,3,0,0,1
13112,3,3,1,5,2,90,1,3,1,2,1
28191,5,2,1,6,3,70.59,1,3,0,4,1
17600,2,2,1,6,1,63.5,1,3,1,3,1
33089,5,2,1,7,3,68,1,2,0,2,1
37318,5,2,1,4,3,41,1,3,0,3,1
20345,5,2,1,7,2,58,1,1,0,2,1
26028,5,2,1,8,2,73,1,2,0,3,1
12552,3,2,1,11,3,98,1,2,1,4,1
20582,2,1,1,7,3,43,1,2,0,1,1
50223,5,1,1,6,2,45,1,1,0,4,1
57054,5,2,1,7,3,56,1,2,0,3,1
13000,3,3,2,13,2,127,1,1,0,2,1
53334,5,1,1,6,3,45,1,3,0,5,1
10112,6,3,1,6,2,84.06,1,2,1,4,1
16384,5,3,1,7,2,120,1,2,1,4,1
21614,2,2,1,7,3,76.34,1,3,0,4,1
17065,5,3,1,7,1,86.73,1,2,1,2,1
12136,2,3,1,17,2,103,1,1,0,0,1
43784,5,1,1,4,1,37,1,2,0,5,1
48276,5,1,1,4,3,29,1,2,0,2,1
18269,5,4,2,30,1,179,1,2,1,2,1
35000,5,2,1,4,2,42,1,2,0,5,1
18241,5,3,2,7,2,137,1,3,1,2,1
32239,5,3,1,18,3,115.7,1,3,0,2,1
22993,5,2,1,5,1,61.76,1,3,0,3,1
40271,5,1,1,4,2,37,1,2,0,2,1
18840,5,3,1,7,2,87,1,2,1,4,1
14706,3,3,2,6,2,102,1,2,0,0,1
7963,2,3,1,7,2,108,1,2,0,0,1
17476,5,2,1,6,2,103,1,3,0,3,1
41996,5,3,2,25,1,137.73,1,3,0,0,1
35168,5,2,1,4,2,41.8,1,3,0,1,1
24524,5,2,1,8,1,63,1,2,0,4,1
31305,5,2,1,28,2,92,1,2,0,1,1
13933,3,3,1,6,1,89,1,3,0,4,1
46125,5,1,1,4,3,25.8,1,2,0,3,1
24291,5,2,1,7,2,48.95,1,2,0,3,1
26202,5,2,1,6,1,64.5,1,3,0,2,1
30750,5,2,1,4,2,40,1,2,0,4,1
42254,5,1,1,4,3,31.95,1,2,0,2,1
41072,5,2,1,7,2,56,1,2,0,1,1
11988,3,3,2,11,2,160,1,2,0,0,1
19954,2,2,1,6,2,64.65,1,2,0,3,1
80418,5,1,1,7,3,22.01,1,2,0,1,1
16000,5,2,1,8,2,71,1,2,0,0,1
32873,5,1,1,4,3,38.33,1,2,0,1,1
17996,2,2,1,6,2,67.46,1,2,1,0,1
17743,5,2,1,7,2,70.17,1,2,1,3,1
17958,1,3,1,26,2,142,1,2,0,2,1
41060,5,2,1,26,1,78.18,1,2,0,1,1
18797,3,3,2,25,3,95.76,1,1,0,0,1
40976,5,1,1,8,3,41,1,2,0,3,1
23520,5,3,1,7,2,87.16,1,2,0,2,1
10782,3,3,1,6,1,74.2,1,2,1,0,1
20770,5,2,1,7,2,65,1,2,0,0,1
45919,5,2,2,7,3,49,1,3,0,2,1
23877,5,2,1,15,3,89,1,2,0,4,1
10177,3,3,2,11,3,113,1,2,1,1,1
19700,5,2,1,7,2,65.99,1,2,1,2,1
47335,5,2,1,7,2,48.59,1,2,1,1,1
38093,5,2,1,7,3,65.63,1,2,1,2,1
24492,5,2,1,8,2,59,1,1,1,3,1
52326,5,1,1,4,3,30.96,1,2,0,2,1
30500,5,2,1,33,3,78,1,1,0,2,1
31932,5,2,1,6,2,59.19,1,1,0,3,1
19295,5,2,1,7,2,65.2,1,2,0,4,1
29800,5,2,1,8,2,65,1,2,0,4,1
19251,2,2,1,1,3,38.7,1,2,0,4,0
18815,5,3,1,6,2,135,1,3,1,4,0
20577,5,2,1,5,1,52,1,2,0,5,1
19568,3,3,2,29,3,104,1,1,1,2,1
10257,6,3,1,5,3,78,1,2,0,5,0
11609,3,1,1,9,2,41.35,1,2,1,0,0
39975,5,2,1,23,2,77.3,1,3,1,2,1
20409,2,4,2,6,1,81.73,1,3,0,1,1
16883,4,3,2,7,2,151.64,0,2,0,1,1
14657,5,3,2,15,1,118.04,1,1,0,0,1
43702,2,6,5,2,3,457.65,1,1,0,2,1
48489,5,2,2,2,3,63.52,1,3,0,4,1
25000,4,4,2,27,2,152,1,1,0,1,1
20000,4,3,2,32,1,115,1,1,1,2,1
13999,2,4,2,7,2,170.02,0,2,1,0,1
17998,2,3,1,6,1,82.79,1,2,1,0,1
65286,5,1,1,6,3,35.23,1,2,0,1,1
33000,5,3,2,26,2,89.92,1,2,1,5,1
16126,4,5,2,20,2,229.45,1,2,0,1,1
14747,3,4,2,11,2,160.04,1,3,0,0,1
28802,5,3,1,6,3,100.17,1,3,1,1,1
16115,5,3,2,6,1,131,1,2,0,5,1
34585,5,2,1,6,2,74.89,1,2,1,2,1
29993,2,4,1,26,1,133.7,1,1,0,2,1
26808,2,4,2,17,2,125.71,0,1,1,4,1
21563,4,3,2,18,3,160,1,1,1,2,1
20968,4,4,2,31,1,124,1,1,1,3,1
17421,6,4,3,32,2,166.47,1,1,0,3,1
70910,5,5,4,3,3,220,1,1,0,3,0
27846,4,4,2,29,3,143.29,1,1,1,0,1
36765,5,3,1,7,2,87.04,1,3,0,1,0
20859,2,4,2,30,2,163,1,1,0,3,1
19994,4,4,2,24,1,173.56,1,1,0,0,1
20953,2,3,2,32,1,105,1,1,0,2,1
19569,5,4,1,6,2,116,0,3,0,5,1
25555,2,4,2,11,1,117,1,3,0,4,0
11801,6,4,2,7,2,169.48,0,1,1,3,1
26011,6,4,2,16,1,129.95,1,1,0,0,1
20177,5,6,2,33,3,227,1,1,1,3,0
47273,4,3,2,17,1,110,1,1,0,1,1
26783,1,4,2,33,1,130.12,1,1,1,1,1
19889,5,3,1,7,1,89.5,1,2,1,1,1
39843,5,3,2,24,1,101.65,1,2,0,4,1
9161,6,3,2,17,2,131,1,1,1,1,1
101842,5,5,3,3,3,245.48,1,1,0,0,1
29011,5,3,2,7,2,115.82,1,2,1,2,1
19671,5,4,1,8,1,119.47,1,2,0,3,1
30593,3,3,2,26,2,119.31,1,3,0,0,1
3608,6,5,3,8,1,255,1,2,0,3,0
14250,6,4,2,24,1,160,1,3,0,2,0
21206,2,3,2,26,1,89.6,1,1,0,0,1
21053,5,3,1,8,1,95,1,2,0,0,1
18210,6,4,3,23,2,175.73,1,1,1,0,1
19470,4,3,2,21,3,101.7,1,1,0,4,1
16068,3,3,2,16,2,89,1,3,0,1,1
16572,5,3,1,7,2,105,1,2,1,2,1
9561,2,3,2,5,1,91,1,2,1,0,1
19280,4,5,3,10,2,185.69,1,3,0,1,1
28778,5,4,2,16,1,173.05,1,3,0,4,1
17487,5,4,2,12,2,183,1,1,0,0,1
19518,5,4,2,31,2,152.17,1,2,1,3,1
14513,5,4,2,29,2,188.46,1,2,1,4,1
64865,5,6,4,3,3,265.17,1,3,0,0,1
24833,5,4,2,11,3,136.92,1,2,0,1,1
18485,4,4,2,25,3,165,1,3,0,4,1
9438,6,3,4,28,1,249,1,3,0,4,1
21961,5,4,3,20,1,204,1,1,0,2,1
20151,5,5,2,8,1,147.89,1,2,1,1,1
28780,5,2,1,27,1,86,1,3,1,0,1
23038,5,4,2,8,1,130.22,1,2,0,3,1
23008,5,3,2,18,1,133,0,2,1,1,1
18900,5,3,1,6,3,108,1,2,0,1,0
22842,5,4,2,31,1,183,1,1,0,0,1
17515,5,3,2,6,3,136,1,2,1,2,0
16667,5,3,2,17,2,123,1,2,1,1,1
15682,6,7,5,3,3,336.7,1,3,0,4,1
17579,2,4,2,6,3,102.4,1,3,0,2,1
26785,5,3,2,21,2,122.83,1,2,1,1,1
15944,4,3,2,15,3,161.82,1,3,0,2,1
21022,3,3,2,14,3,111.79,1,1,1,4,1
18351,3,3,1,18,3,125.34,1,2,0,1,1
32573,5,3,1,24,1,109.91,1,2,0,3,1
38132,2,4,2,17,1,166.53,1,3,0,0,1
33191,4,4,3,26,1,186.8,1,1,0,1,0
13299,6,4,3,6,1,194,1,3,0,0,1
29178,2,5,2,29,1,188.5,1,2,0,1,1
22000,4,3,2,18,2,160,1,1,1,2,0
35000,2,5,2,25,3,155.25,1,1,0,2,1
28191,4,3,2,26,2,131.25,1,1,0,4,0
35715,4,4,2,25,3,168,1,1,0,1,0
29894,4,3,2,27,2,141.5,1,1,0,0,0
23000,5,3,2,32,2,130,1,1,0,0,1
20409,4,4,2,6,3,171.5,1,3,0,3,1
13363,4,3,2,8,1,113,1,2,0,2,1
31579,5,4,2,24,1,171,1,1,1,0,1
23034,6,2,1,27,1,89,1,1,0,4,1
32000,6,4,2,29,1,175,1,1,0,0,1
24158,6,2,1,27,1,89,1,1,0,2,1
18297,5,3,1,8,2,95.21,1,2,1,2,0
33688,4,4,3,7,2,141,1,1,0,1,1
9447,6,4,2,6,1,135.5,1,2,0,0,1
11225,6,5,3,7,1,98,1,2,0,1,1
18407,5,3,2,11,2,124.52,1,2,1,0,1
30858,4,4,2,18,2,140,1,1,0,2,1
33007,4,3,2,17,1,143,1,1,0,4,1
35444,4,4,2,18,3,158,1,1,0,5,1
35072,4,4,2,25,3,168.8,1,1,0,4,0
24407,5,3,1,5,2,92.6,1,2,0,0,1
16000,3,3,2,13,1,116,1,3,0,0,1
20295,5,4,2,32,3,172.46,1,1,0,5,1
33972,2,4,3,6,2,141,1,2,0,3,1
26669,2,3,2,34,1,93.37,1,1,1,5,1
17778,5,4,2,20,2,153,1,2,0,1,1
14758,2,3,2,6,1,121.97,1,2,0,0,1
24311,2,3,2,25,3,137.8,1,3,0,0,1
23438,5,4,2,19,3,128,1,1,0,0,1
13847,3,3,2,11,2,130,1,3,0,4,1
19397,2,3,2,26,1,122.7,1,1,0,1,1
27538,2,4,2,15,1,199,1,1,0,1,0
34139,5,4,2,29,3,152.32,1,1,0,5,1
39840,4,3,2,26,1,187,1,1,0,3,0
16659,5,4,2,26,1,192.09,1,2,0,1,0
33147,2,3,2,26,2,89,1,3,1,1,0
28652,3,3,2,16,1,89,1,1,0,0,1
19000,5,4,1,6,1,122,1,2,1,3,1
36691,6,5,2,30,2,139,1,1,1,0,1
16994,5,3,1,8,1,88.86,0,2,1,1,1
31802,4,3,2,11,2,161,1,1,0,4,0
14500,3,3,2,33,1,104,1,3,1,3,0
51537,5,4,2,25,2,142.23,1,1,0,1,1
24001,5,3,1,7,2,93.69,1,2,0,4,0
17499,2,4,2,31,3,130.87,1,1,0,3,1
16443,2,3,1,30,3,104,0,1,1,0,1
26609,5,3,2,32,2,112.67,1,2,0,2,1
17703,2,3,2,6,1,117.5,1,3,1,4,1
19919,2,3,2,11,3,123,1,3,1,2,1
29907,4,3,2,7,2,149.8,1,1,0,4,1
14750,3,3,1,11,3,88.48,1,1,0,0,1
28360,2,3,2,23,2,128,1,2,0,0,1
18200,5,1,1,19,1,50,0,3,0,0,1
18572,5,3,2,28,3,133,0,2,1,2,0
30001,3,3,2,23,2,131.22,1,3,0,0,0
13200,2,3,1,29,2,100,1,2,1,0,0
28209,4,4,2,7,3,173,1,1,0,2,0
27980,2,3,2,34,2,107.58,1,1,1,4,0
25005,5,3,2,11,1,114.38,1,3,1,1,1
14900,5,4,2,24,2,198.6,1,2,0,0,1
20936,6,5,3,6,1,406,1,1,0,0,1
43243,2,6,4,2,3,457.88,1,1,0,4,1
17200,5,3,2,14,2,118,1,1,0,0,1
14511,5,4,2,18,2,166.5,1,2,0,1,0
17062,3,3,2,18,3,89.09,1,3,0,0,1
39556,5,2,1,27,3,81.53,1,2,1,4,1
31819,2,3,2,18,3,110,1,3,0,5,1
18456,5,3,2,6,1,120.83,1,3,0,4,1
19925,6,4,2,25,1,133,1,1,0,1,1
40019,2,4,2,26,1,131.69,1,3,0,4,1
22798,2,2,1,4,2,57.9,1,2,0,3,1
20611,5,4,2,7,3,160.6,1,3,0,0,1
26776,5,4,3,17,1,183,1,1,0,4,1
19519,2,2,1,6,1,66.4,1,3,1,4,1
18944,5,4,2,6,2,123,1,3,0,0,1
22181,5,5,2,22,3,190.71,1,3,1,2,1
16154,4,4,2,7,1,156,1,3,1,1,1
19033,5,3,2,17,2,124,1,3,1,0,1
31000,5,4,2,25,3,139.81,1,1,0,0,1
17028,4,4,2,6,2,155.63,1,3,0,2,1
20510,5,3,1,8,3,90.2,1,3,1,1,1
20800,5,4,3,6,1,221,1,3,0,1,1
17000,5,3,2,9,3,110,1,2,1,3,1
18143,5,2,1,7,1,70,1,3,1,2,1
29000,2,4,2,26,3,136,1,1,0,3,1
22000,5,5,3,12,1,255,0,3,0,0,1
11516,3,4,2,11,3,188,1,1,0,0,1
23282,5,4,2,12,3,174.39,1,2,0,0,1
20139,5,5,2,7,3,144,1,2,1,2,1
26595,5,4,3,21,1,376.02,1,2,1,2,1
19157,2,4,2,25,3,166,1,1,1,2,1
19988,5,4,2,31,3,164.2,1,3,1,2,0
40646,2,4,3,4,3,155,1,1,1,3,1
9402,6,3,3,18,1,152,1,1,1,1,1
31965,4,3,2,33,3,168,1,1,0,4,1
32353,4,3,2,33,2,170,1,1,0,4,1
26747,5,2,1,14,3,83,1,1,0,5,1
36894,5,2,1,18,2,103,1,2,1,2,0
12231,6,3,2,25,3,139,1,1,0,5,1
26747,5,2,1,14,2,83,1,1,0,5,1
22500,2,2,1,20,1,88,0,3,0,0,1
20474,5,3,2,8,2,131.39,1,3,0,4,1
28203,6,3,2,20,3,89,1,2,0,0,0
18099,5,3,2,32,3,148.08,0,2,0,3,1
21930,3,3,2,25,1,95.76,1,1,0,0,1
12427,3,4,2,12,2,136,1,1,0,4,1
55954,5,5,2,25,1,173,1,1,0,4,1
11711,6,4,3,25,1,152,1,1,1,2,1
47647,6,5,3,4,2,209.88,1,1,1,0,1
20000,5,4,1,7,1,124,1,2,0,0,1
18000,3,4,2,15,3,176,1,1,0,0,1
20924,3,3,2,7,2,130,1,2,1,1,1
23785,5,3,2,25,2,115.62,1,2,1,2,1
25938,6,5,4,16,1,160,1,1,0,0,1
21237,5,2,1,13,2,115.37,1,2,1,2,1
26505,5,4,2,17,3,123,1,3,0,0,1
34995,5,3,1,6,2,87.9,1,2,1,2,1
14016,3,3,1,23,3,132,1,1,0,0,1
16033,4,4,2,26,3,176.52,1,1,0,0,1
25938,5,4,2,19,2,128,1,1,0,0,1
18000,6,4,2,18,1,130,1,1,1,3,1
14004,6,3,2,20,2,119.97,1,1,0,4,1
10792,3,3,1,6,2,115.83,1,3,1,0,1
16345,5,2,2,6,3,93,1,1,0,1,1
28192,4,3,2,32,3,188,1,2,0,1,1
51814,2,1,1,26,3,38.6,1,3,0,3,1
28494,4,3,2,32,1,166,1,3,0,3,1
55619,2,3,1,32,1,88.1,1,3,0,1,1
15346,5,4,2,12,2,146.62,1,2,1,1,1
36751,2,3,2,26,1,100.68,1,3,0,2,0
21851,3,3,2,29,3,134.09,1,1,0,0,1
22360,5,4,2,17,3,161.9,1,1,0,4,1
25508,5,3,2,24,3,162.7,1,3,0,1,1
18173,5,3,1,18,1,122.16,1,1,0,2,1
26429,2,3,2,27,3,107.08,1,1,1,4,1
27294,2,3,2,29,2,88.3,1,2,0,0,1
23502,5,3,2,15,3,145.31,1,2,1,2,1
17084,5,3,1,26,3,117.07,1,2,0,0,1
28100,2,3,2,27,2,101,1,1,1,4,1
12993,5,3,2,17,1,128,1,2,0,1,1
12002,5,4,2,2,3,145.81,1,3,0,0,1
18515,5,4,2,17,1,220.91,1,2,0,1,1
18437,5,4,2,18,3,142,1,2,0,2,1
19078,4,3,2,7,3,112.7,1,3,1,1,1
18182,5,2,1,6,1,88,1,3,0,0,1
12445,3,3,2,6,2,122.95,1,2,1,4,1
42057,2,3,2,17,2,107,1,3,0,2,1
16429,6,3,2,21,1,140,1,3,0,4,1
19416,2,3,2,25,3,186.45,1,3,0,2,1
18000,2,3,1,8,2,107,1,2,1,1,1
19260,2,3,2,19,2,54,1,3,0,0,1
29764,2,4,2,33,2,127,1,1,0,3,1
24762,2,3,2,32,2,105,1,3,0,2,1
21047,6,4,2,17,2,130.66,1,1,0,2,1
19934,2,4,2,18,1,150,1,3,0,2,0
33824,5,3,1,7,1,102,1,3,1,3,0
36166,5,4,2,31,3,193,1,3,0,1,1
18500,2,7,3,11,1,268,1,1,0,0,0
23829,2,3,2,26,1,128,1,3,0,0,0
12888,4,3,2,7,2,143.55,1,1,0,5,1
32920,5,3,2,7,1,102.98,1,3,1,3,1
29703,2,3,2,13,3,101,1,3,0,5,0
12500,6,3,2,25,3,144,1,1,0,4,0
25936,5,3,2,23,1,155,1,3,0,5,1
20992,2,3,2,30,3,123,1,1,1,0,1
28984,2,3,2,27,3,118,1,3,0,0,1
46429,5,2,1,7,2,70,1,2,1,4,1
27989,5,4,2,30,2,169,1,2,0,1,0
19670,2,3,2,23,3,121,1,2,0,0,1
13179,6,3,2,22,1,121.41,1,3,0,4,1
12451,6,3,2,23,1,151,1,1,0,2,0
28572,5,2,1,26,2,84,1,3,1,0,1
17944,4,4,2,5,2,141,1,3,0,0,1
27952,5,2,1,9,2,83,1,3,0,5,1
16601,4,4,2,7,2,151.8,1,3,1,0,1
25745,4,3,2,27,3,141,1,1,0,0,0
27623,4,3,2,27,2,143,1,1,0,0,1
30000,5,3,2,27,3,145,1,3,0,3,1
35498,2,5,2,31,1,191,1,1,0,3,0
15894,6,3,2,4,1,94.38,1,2,0,2,0
18000,2,4,2,18,3,155,1,1,0,4,1
31644,2,3,3,12,3,146.6,1,3,0,0,1
26897,5,2,1,8,1,87,1,2,0,2,0
37334,5,3,1,8,2,75,1,2,0,1,0
13961,2,3,1,5,2,106.3,1,2,1,2,1
23000,5,3,1,18,2,120,0,2,1,2,0
20000,5,3,2,6,1,130,1,2,1,5,1
18473,5,3,1,6,1,96.9,1,2,0,1,0
11143,6,3,2,15,1,140,1,1,0,0,0
17338,5,4,2,15,2,151,1,2,0,0,0
20087,2,2,1,8,2,69,1,2,1,4,0
45328,5,3,2,6,3,122,1,2,0,0,0
37682,5,3,1,7,1,69,1,2,0,1,1
25906,5,4,1,7,1,116,1,2,0,3,1
18533,2,3,2,7,2,124,1,2,1,1,1
26988,2,3,2,33,3,88.19,1,3,1,1,1
30000,2,4,2,32,3,139,1,3,0,1,1
28456,5,4,2,17,3,123,1,3,0,0,0
23160,5,2,1,17,1,95.64,1,3,1,1,1
18519,2,3,1,6,3,78.3,1,3,1,2,0
25819,5,4,3,19,3,275,1,3,1,2,0
17956,2,4,2,6,3,136.45,1,3,0,2,1
6843,6,2,2,7,1,95,1,2,0,3,0
16087,5,2,1,7,1,69,1,2,1,1,1
34852,5,3,1,7,2,90.67,1,2,0,4,1
25000,5,4,2,24,3,152,1,2,0,4,1
29000,5,3,2,33,1,129,1,3,0,4,0
15466,4,2,2,6,1,86,1,3,0,2,0
19292,6,3,2,30,2,127,1,1,1,5,1
16311,4,3,1,6,2,103,1,2,1,3,1
28986,4,3,2,32,1,138,1,3,0,4,0
38000,5,3,2,18,2,138,1,3,0,2,0
21500,5,3,2,7,2,132.87,1,3,0,3,1
20953,2,3,1,18,3,84,1,2,0,2,1
28196,2,4,2,32,2,133,1,3,0,0,0
29617,5,4,2,26,2,202.59,1,2,0,4,1
13003,4,4,1,6,1,156.12,1,3,0,1,0
15761,2,4,2,11,1,184,1,3,1,2,0
20258,4,4,2,16,1,219.67,1,2,0,5,0
18493,5,3,2,7,1,130.81,1,2,0,0,1
15696,4,4,2,7,2,151.64,1,3,1,1,0
27675,5,3,1,7,1,102.26,1,3,0,1,0
15654,5,3,1,15,2,148.98,1,3,1,2,1
12957,4,5,2,8,2,146.64,1,2,0,2,1
13118,2,4,2,11,2,171.53,1,1,0,0,0
21604,2,3,2,11,2,124.98,1,3,0,0,0
18387,2,3,1,6,1,89.74,1,2,1,1,1
27667,2,4,2,32,1,132,1,1,0,0,1
17800,5,3,1,7,2,100,1,2,0,2,1
31835,4,3,2,24,1,169,1,1,1,0,0
16293,5,2,1,4,1,89,1,3,0,0,1
23077,4,3,2,16,3,145.17,1,1,0,2,1
35000,4,4,3,23,3,170,0,1,0,0,0
28786,4,4,2,18,1,140,1,1,0,2,0
18832,5,5,2,8,1,195.42,1,1,0,5,0
24592,2,4,2,26,3,128.5,1,1,0,0,1
12438,4,3,2,7,2,155.17,1,3,0,2,0
21019,4,4,2,32,2,137.5,1,1,1,3,0
20435,4,11,2,28,2,115,1,1,1,2,1
25019,5,5,2,6,1,133.5,1,2,0,2,1
27543,2,4,2,26,1,118,1,1,1,2,0
27778,2,4,2,33,2,126,1,1,0,1,0
16000,4,4,2,5,2,188,1,3,0,0,1
13484,6,4,1,26,3,178,1,3,0,3,1
14158,5,2,1,2,3,89,1,1,0,0,1
22358,4,4,2,32,2,123,1,1,1,4,1
10839,6,4,2,7,2,136.55,1,3,0,2,1
17479,6,3,2,31,1,128.73,1,1,1,1,1
26012,2,4,2,31,3,173,1,1,0,2,1
26574,6,3,2,25,2,143,1,3,0,0,0
20052,5,2,1,17,2,97,1,2,0,0,0
29451,4,4,2,29,3,143.29,1,1,1,0,0
15286,5,4,2,18,3,280,1,2,1,2,1
17538,5,3,2,6,3,134,1,3,1,2,0
15561,5,4,2,6,1,165.8,1,1,0,0,1
17994,5,4,2,11,2,151,1,1,0,0,1
16212,5,5,2,11,1,255,1,2,1,3,1
30000,2,3,2,31,1,128,1,1,0,0,1
16001,5,3,2,16,3,115.81,1,1,0,0,0
30936,5,4,2,23,2,139,1,1,1,4,1
51806,3,8,5,2,3,637,1,1,0,3,1
15029,5,4,2,6,1,186.31,1,2,1,5,1
25806,5,4,2,11,3,150.16,1,3,1,5,0
14493,5,4,2,15,3,138,1,1,0,0,1
16977,5,4,2,11,3,172,1,2,1,1,1
36501,4,4,2,26,2,178.63,1,1,0,1,1
29021,4,4,2,29,1,143,1,1,1,0,1
34914,4,4,2,26,1,134.62,1,1,0,2,1
21983,4,3,2,32,1,116,1,1,1,4,0
30000,4,3,2,32,3,172,1,1,0,3,1
23800,5,3,2,18,2,141,1,3,0,3,1
29974,4,4,2,26,1,138.12,1,1,0,4,1
29694,4,4,2,32,2,151.55,1,1,0,1,1
31013,4,4,2,32,3,151.55,1,1,0,3,1
24467,4,4,2,26,3,150,1,1,0,1,0
20485,6,4,2,23,1,165,1,2,1,4,1
4345,6,3,2,6,1,145,1,3,1,3,1
14749,6,3,2,20,2,94.25,1,1,0,4,1
19091,4,3,2,21,1,110,1,1,0,3,1
26750,6,2,2,33,3,89.72,1,3,0,2,1
17425,4,3,2,7,1,132,1,2,1,2,0
71503,4,4,4,3,3,193,1,1,0,2,1
19006,3,4,2,25,3,127.86,1,3,0,0,1
18153,2,3,2,7,2,125.6,1,3,1,2,0
32500,5,3,2,26,1,130,1,2,0,2,1
24039,5,3,2,31,3,156,1,1,1,3,1
15473,3,3,2,16,2,89.19,1,3,0,3,1
18019,2,4,1,6,2,111,1,2,0,0,1
25273,5,3,2,17,3,110,1,3,0,0,0
23970,2,5,3,27,1,199,1,1,0,5,1
10004,3,3,2,11,3,133.95,1,3,1,0,1
27444,4,3,2,26,3,133,1,1,0,1,1
30000,2,4,2,26,3,159.53,1,1,0,2,1
28921,4,3,2,17,2,118.6,0,1,0,0,1
25964,5,3,2,30,3,166,1,3,0,1,1
12016,3,3,2,11,2,129,1,1,1,0,1
29328,3,3,2,26,2,119,1,3,0,0,1
9993,1,3,2,26,2,135,1,1,0,3,1
14579,4,3,1,7,1,94.66,1,2,0,3,0
26239,4,3,2,31,1,91.47,1,1,0,4,0
21013,3,4,2,32,1,118.5,1,1,0,4,1
31826,4,3,2,6,2,126,1,1,0,0,1
30292,3,3,2,22,1,120,1,3,0,0,1
35948,4,3,2,30,3,153,1,3,0,5,1
20222,2,3,2,11,3,117.2,1,3,0,2,0
17162,2,1,1,19,1,57.04,1,2,0,0,1
25455,2,2,2,32,1,89.18,1,1,0,0,1
20130,4,3,2,20,3,155,1,1,0,2,1
15284,3,3,1,25,2,82.44,1,3,0,0,1
26405,2,3,2,27,2,89,1,1,1,3,1
28021,4,4,2,33,2,140.61,0,1,0,1,1
23462,3,4,2,26,2,130,1,3,0,3,1
33468,2,3,2,26,2,124,1,1,0,1,1
9837,6,3,1,5,3,106.75,1,2,0,2,1
22728,2,3,2,17,3,99,1,3,0,2,1
31571,4,4,2,26,1,134.62,1,1,0,1,1
20000,6,5,3,23,2,216,1,1,0,0,1
24999,5,3,2,31,1,141.77,1,2,1,4,1
23586,1,4,2,8,1,164,1,3,0,1,0
29043,2,4,2,17,1,125.68,1,3,1,2,0
21987,4,4,2,26,3,151,1,1,0,4,0
30461,4,4,2,33,2,128.69,1,1,0,2,0
21098,6,4,2,17,2,123,1,1,0,2,1
14113,3,2,1,24,1,107,1,1,0,0,1
36853,2,3,2,28,2,112.61,1,3,0,2,1
9231,6,3,2,17,3,130,1,1,1,3,1
25243,2,3,1,26,2,103,1,3,0,4,0
27615,4,4,2,33,3,129.64,1,1,0,3,1
18508,4,3,2,29,2,134,1,3,0,0,1
31075,5,3,1,16,3,136.67,1,2,0,3,1
13505,3,3,2,11,2,134.77,1,2,0,2,1
50868,4,5,3,3,3,173,1,1,0,5,0
32482,4,3,2,28,1,137,1,1,0,2,1
19663,3,3,1,18,2,89,1,2,0,0,1
22725,4,3,3,9,1,219.5,1,3,0,2,1
7223,6,3,1,7,2,90,1,3,0,3,0
12679,3,3,2,6,2,112,1,1,0,1,1
33572,2,3,2,31,1,126,0,3,0,0,1
30000,2,3,2,33,1,102,0,2,0,0,1
25600,2,2,1,13,3,50,1,2,0,5,1
30273,2,3,2,19,3,88.53,1,3,1,4,1
29197,4,3,2,17,2,112,1,2,0,0,0
16118,3,3,2,6,1,136.5,1,3,0,3,1
22143,3,3,2,26,3,112,1,3,0,3,1
26967,2,3,2,27,3,89,1,1,1,3,1
27512,2,3,1,33,2,89.6,1,2,1,2,1
17261,3,3,2,7,3,119.06,1,3,0,3,1
17983,3,4,2,6,1,114,1,2,1,3,1
17513,2,3,2,6,1,105.64,1,2,1,3,1
21213,6,3,3,24,3,165,1,1,0,2,1
13268,1,4,2,26,3,131,1,1,0,4,1
28764,2,4,2,30,3,186,0,1,0,0,1
25999,3,4,2,26,1,129.93,1,3,0,1,1
14820,2,2,1,7,3,83,1,2,0,3,1
15500,5,3,1,8,1,117.34,1,2,1,2,1
5684,6,3,2,11,1,167.16,1,1,1,0,1
38497,5,4,2,19,2,153,1,1,0,1,1
27143,2,4,2,33,1,126,1,2,0,1,0
22048,6,4,2,30,3,127,1,3,0,0,1
25492,2,4,2,27,3,123.57,1,2,1,3,0
16068,3,3,2,13,1,89.5,1,3,0,0,1
22000,2,4,2,17,2,150,1,3,0,3,1
13904,3,4,2,17,2,130.18,1,1,0,0,1
27942,4,3,1,33,2,102,1,1,0,2,1
15978,3,3,2,13,3,89.5,1,3,0,0,1
5173,6,3,2,10,3,145,1,1,0,0,1
23920,2,3,2,31,2,125,1,1,0,1,1
20000,3,3,2,31,2,119,1,1,0,1,1
40000,5,2,1,6,2,45,0,2,1,4,0
24742,5,2,1,6,1,68.71,1,2,0,4,1
23926,1,3,2,46,2,107,1,1,0,2,1
26918,5,4,2,17,3,133,1,3,0,0,1
15000,3,3,2,13,2,116,1,3,0,0,1
10026,1,3,2,26,2,135.66,1,1,0,1,1
12000,3,3,2,13,3,115,1,3,0,0,1
9994,6,3,3,25,1,152,1,1,1,1,1
36364,5,4,2,32,2,165,1,1,0,0,1
30775,5,3,1,32,1,113.08,1,3,0,2,1
36859,5,4,2,27,2,156,1,1,0,0,1
16000,3,1,1,18,2,48,1,3,0,1,1
25000,2,4,2,32,2,128,0,1,0,0,1
21539,5,3,1,8,1,130,1,2,0,3,1
28462,2,3,2,33,1,143,1,1,1,1,0
26967,5,2,1,6,1,66.75,1,1,1,1,1
27693,4,3,1,29,3,130,1,1,1,0,1
25727,5,2,1,7,3,66.08,1,2,1,4,1
33455,5,2,1,4,1,55,1,2,0,4,1
16709,4,3,2,25,3,161,1,1,0,5,1
9553,3,6,4,14,1,246,1,2,0,0,1
21975,2,3,2,11,2,186.58,1,1,0,3,1
10572,6,3,2,7,1,140,0,2,1,0,1
21858,5,4,2,31,1,183,1,3,1,3,1
14000,2,6,2,6,3,140,1,1,0,2,1
24529,4,4,2,7,3,212,1,3,0,3,1
12606,4,3,2,6,1,133.27,1,3,0,1,1
12069,6,4,2,25,2,203,1,3,1,1,1
35012,2,5,3,17,1,170.8,1,1,1,1,1
78733,2,5,4,4,3,292,1,3,0,1,1
26582,2,4,2,27,3,127.53,1,3,1,4,0
15763,4,4,2,7,1,118,1,3,0,4,1
31000,2,4,2,26,2,136,1,1,0,2,1
18253,4,4,2,9,1,161.62,1,3,1,1,1
33741,2,4,2,32,3,131,1,3,0,4,0
22098,6,5,3,29,3,217.22,1,3,0,2,1
9682,6,4,3,30,1,220,1,2,1,0,1
33519,2,4,2,3,3,162,1,1,1,4,0
20262,2,4,2,7,1,106.11,1,3,0,1,1
20375,2,4,2,11,1,143.81,1,3,1,5,0
21457,6,4,2,24,1,151,1,3,1,0,1
17347,2,3,1,8,2,98,1,2,1,4,1
13266,6,5,3,28,2,392,1,1,1,0,1
17601,6,4,2,32,1,166.47,1,1,0,3,1
20910,4,4,2,24,2,165,1,1,0,2,1
5000,6,4,3,6,3,160,0,1,1,2,1
17273,4,4,2,7,1,110,0,2,0,3,1
11076,4,3,2,7,1,158,1,3,0,1,1
19418,2,4,1,6,2,103,1,2,1,1,1
16536,5,4,2,7,1,127,1,2,0,0,1
29508,4,4,3,7,2,142,1,1,0,3,1
27853,4,4,3,7,3,149,1,1,0,1,1
23475,5,3,2,32,1,118,1,1,0,0,1
34890,4,4,2,24,2,143.31,1,1,0,2,1
19143,6,4,2,35,1,175,1,1,0,3,1
27784,2,4,2,28,3,143.61,1,3,0,1,1
31009,4,4,2,29,2,154.15,1,1,1,0,1
17896,5,4,2,7,3,128.8,1,2,0,2,1
7858,6,3,2,11,2,140,1,3,0,0,1
7648,6,3,3,8,2,170,1,3,0,1,1
18519,2,3,1,8,2,93.96,0,3,1,3,1
38334,5,4,2,17,3,174,1,3,1,0,1
11946,6,4,3,19,1,293,1,1,0,1,1
21667,5,2,1,17,2,96,1,3,1,0,1
34497,2,4,2,26,1,129,1,3,0,3,1
23339,5,4,2,16,1,151.25,1,3,1,2,1
19424,2,3,1,8,1,115.84,1,3,1,3,0
16010,4,5,2,29,3,213,1,3,0,1,1
15000,3,4,2,13,2,176,1,3,0,0,1
14013,4,4,2,17,3,162,1,2,1,1,1
11982,3,6,3,23,1,217,1,1,0,0,1
26840,2,3,2,26,2,118.48,1,1,1,1,1
20286,5,2,1,7,2,70,1,3,0,3,1
19058,5,3,2,11,3,138,1,3,0,0,0
19460,5,3,2,11,2,142.5,1,3,0,0,1
18122,6,3,2,23,1,181,1,3,1,1,1
17223,2,4,2,30,3,162,1,1,1,0,1
18005,5,4,2,18,3,168.01,1,2,1,0,1
32001,5,3,1,7,3,95.1,1,2,0,2,1
35361,5,3,1,7,1,97,1,2,0,4,0
19717,1,3,2,29,2,141,1,3,0,4,1
20000,2,3,1,33,3,105,1,1,1,2,1
19944,2,3,1,32,2,106.3,1,1,1,1,1
21204,2,3,2,26,1,128,1,2,0,0,1
28955,5,2,1,23,2,88.69,1,3,1,0,1
18506,5,2,1,6,1,87,1,3,0,0,1
35548,5,3,1,23,2,137,1,2,0,1,1
18779,5,3,2,5,2,131,1,2,0,2,0
18000,5,4,2,11,3,178.78,1,2,1,3,1
56000,2,4,3,3,3,176,0,1,0,3,1
33687,3,4,2,11,2,132.1,1,2,0,0,0
33957,5,3,2,25,2,139,1,1,0,3,1
33004,5,3,2,30,2,151.5,1,1,0,2,1
24507,5,3,2,6,2,127.72,1,2,0,2,1
30508,5,3,2,7,2,138,1,3,1,2,0
40413,5,3,2,24,1,157.13,1,1,0,0,1
28480,5,3,2,17,2,125,1,3,1,2,1
26539,5,3,2,16,2,130,1,2,0,1,0
20312,5,3,2,14,1,123.08,1,3,1,0,1
11808,4,3,2,6,1,148.21,1,3,1,2,1
17717,2,2,1,7,3,80.15,0,3,1,2,1
18845,4,3,2,26,1,126.3,1,3,0,2,0
30000,5,3,2,8,2,146,0,2,1,0,1
30338,3,3,1,18,1,89,1,3,0,0,1
28509,2,4,2,32,3,114,1,1,0,0,1
12821,4,3,2,7,3,156,1,2,0,2,1
18721,4,4,2,28,1,189.63,1,3,0,4,0
30540,5,3,1,7,3,56.32,1,3,0,3,1
25000,6,4,2,23,3,180,1,1,1,2,1
20000,2,3,1,32,1,106.3,1,1,1,1,1
23881,5,3,2,29,2,134,1,3,1,4,1
44455,5,1,1,7,3,55,1,3,0,2,0
20033,5,3,2,7,2,128.79,1,2,0,3,1
14513,3,3,2,13,2,130.92,1,1,1,3,1
12667,2,3,2,28,2,120,1,1,0,0,1
26316,2,3,2,33,2,88.16,1,3,1,2,1
7973,3,3,2,16,3,143,1,1,0,5,1
19585,3,4,2,17,3,124.08,1,1,0,0,1
17984,5,3,1,8,1,124,1,2,0,3,1
19347,5,3,2,18,2,153,1,2,1,0,1
28092,5,4,2,7,3,131,1,2,1,4,1
24803,5,3,2,8,3,152,1,2,1,2,1
52037,5,5,4,6,1,221,1,1,0,2,1
16117,5,3,1,7,3,103,1,2,1,1,0
22899,6,4,3,16,1,138,1,1,0,0,1
27054,5,4,2,6,1,122.72,1,2,0,2,1
39967,5,4,3,24,1,157.13,1,1,0,0,0
15992,5,3,2,8,1,118,1,2,0,2,1
18438,5,3,2,6,1,137,1,2,0,3,1
27485,5,4,2,7,2,163,1,3,0,3,1
20000,3,3,2,29,3,154,1,1,1,3,1
30311,1,4,2,38,1,129,1,1,1,2,1
21807,5,3,1,8,2,80.25,1,2,0,3,1
22974,5,3,1,7,2,126.23,1,3,0,2,1
16012,5,3,1,29,3,170,1,2,1,2,1
25749,5,4,2,15,3,167,1,3,0,3,1
17935,3,3,1,7,3,106.5,1,2,1,3,0
19584,3,3,2,25,2,96,1,1,0,0,1
24015,5,3,2,33,3,142,1,1,1,2,0
28513,5,3,1,31,3,115.74,1,2,0,2,1
22500,5,4,2,11,2,140,1,3,0,1,1
31301,2,4,2,21,3,123,1,3,1,2,1
12021,4,3,2,17,2,193,1,3,1,4,1
29503,3,3,2,26,1,104.33,1,3,0,0,1
16806,5,4,2,11,1,178.51,1,2,0,0,1
27000,5,4,2,32,1,122,1,1,0,3,0
22029,2,2,1,6,3,54.93,1,2,0,3,1
36500,5,3,1,7,2,86,1,3,1,4,1
24987,5,3,2,24,2,152.88,1,3,0,5,1
27825,3,3,2,18,2,89.13,1,3,0,2,1
19719,4,3,2,8,2,98.89,1,3,1,0,1
18236,5,3,1,7,1,85,1,2,0,0,1
24817,5,3,1,15,1,89.86,1,3,0,3,1
15926,3,3,2,25,3,135,1,3,0,0,1
32000,5,2,1,7,1,73,1,2,0,4,1
42211,5,3,1,27,3,113.48,1,1,0,1,1
21911,5,3,1,6,3,89,1,2,1,0,1
25816,5,3,2,28,2,141,1,1,1,2,1
17416,3,3,1,23,3,89,1,1,0,0,1
16434,6,3,2,25,3,143,1,1,0,2,0
21800,4,3,2,7,2,100,1,2,0,0,1
40996,5,3,1,7,3,73.91,1,3,1,5,1
16824,6,3,2,17,2,136,1,1,0,3,1
23812,5,3,2,11,2,138.59,1,3,0,1,1
26167,5,2,1,8,1,90.19,1,2,0,1,1
15475,3,4,2,17,1,137,1,1,0,0,1
8000,3,3,2,16,1,143,1,1,0,2,1
24431,5,3,2,25,3,158,1,2,0,0,1
35000,5,3,1,7,1,107,1,2,1,1,1
22000,5,3,2,26,1,140,1,1,0,0,1
10747,4,4,3,5,1,158.19,1,2,0,1,1
17018,5,3,1,6,1,114,1,2,0,0,1
16484,5,4,2,29,3,182,1,2,1,1,1
21667,4,4,2,17,1,156,1,1,0,0,0
21622,5,2,1,7,1,74,1,2,0,5,1
16817,4,3,2,29,2,166.5,1,3,0,1,1
13415,1,4,2,7,2,164,1,3,1,1,1
20589,4,3,2,21,2,102,1,1,0,2,0
44860,5,3,2,6,3,144.45,1,3,0,0,1
19000,5,2,1,8,2,98.95,1,2,1,3,0
20000,2,3,1,30,2,100,1,2,1,0,1
17000,5,4,2,30,3,197,1,3,0,0,0
9871,3,3,2,11,2,155,1,3,0,0,0
16482,2,4,2,30,2,162,1,1,1,0,1
20955,3,3,2,27,3,155.1,1,3,0,0,1
18700,4,3,2,26,3,123,1,1,0,0,1
17428,5,2,1,8,1,84.35,1,3,0,0,1
25800,5,3,1,6,2,100,1,3,1,1,1
43860,5,8,5,17,1,228,1,3,0,3,1
18995,3,5,3,15,3,199,1,1,0,0,0
29000,2,3,2,33,1,97,1,3,1,3,1
18554,2,3,2,6,1,105.64,1,2,1,2,1
17093,5,2,1,7,1,68.45,1,3,0,5,1
31007,5,3,1,7,2,129.65,1,2,0,4,0
20304,5,3,2,12,1,165,1,3,0,0,1
21538,5,2,1,6,1,67,1,2,1,3,0
35496,5,3,2,7,1,88.97,1,3,1,4,1
21112,5,3,1,8,2,90,1,3,1,0,1
30367,5,4,2,16,2,170.58,1,3,0,3,0
26084,5,3,2,9,3,99.68,1,2,0,3,1
27524,5,4,6,2,3,302.65,1,1,0,4,1
13489,5,1,1,27,2,450,1,1,0,2,1
38971,5,4,2,32,1,136,1,1,0,4,1
17774,5,3,2,7,3,128,1,2,0,1,1
18371,5,3,2,23,2,135,1,1,1,2,1
19000,5,5,2,11,1,180,1,3,0,0,1
29014,2,7,3,12,1,304,1,1,0,0,1
14211,5,4,2,17,1,152,1,1,0,0,1
16230,5,3,2,32,3,135,1,1,1,2,0
10463,5,4,2,1,3,157.7,1,1,0,0,1
16000,5,3,2,16,2,138,1,1,0,0,1
16900,2,4,2,6,1,258,1,3,1,2,1
16519,5,4,2,23,2,135,1,1,1,1,1
33940,2,4,2,12,3,132,1,1,0,1,1
35020,2,2,1,19,1,50,1,3,0,4,1
16756,5,4,2,23,2,135,1,1,1,2,1
33011,2,3,2,12,2,132.05,1,1,0,2,1
12000,5,4,2,18,1,151,0,1,0,0,1
15031,5,4,2,18,3,163,1,2,0,0,1
58168,2,7,6,6,3,251,1,3,0,0,1
39974,5,4,2,32,2,136.54,1,1,0,1,1
45910,5,6,3,17,2,330,1,1,0,3,1
31350,5,4,2,23,2,126,1,1,1,4,1
14801,5,6,3,6,1,179.66,1,3,1,3,1
19988,5,4,2,22,2,160,1,1,0,0,1
20999,3,4,2,34,1,142.68,1,1,0,1,1
55653,6,5,3,4,3,230,1,1,1,0,1
26711,5,2,1,19,2,104.08,1,3,1,3,1
20971,5,2,1,6,3,103,1,3,1,0,1
15509,5,4,2,15,1,118,1,3,0,0,1
39641,5,2,1,7,1,66.85,1,3,0,2,1
39896,5,2,1,8,2,72.44,1,2,0,3,1
18750,5,5,3,23,3,200,1,3,0,0,1
14000,5,3,1,7,1,138,1,2,1,4,1
18987,5,2,1,8,1,70.05,1,2,1,1,1
32032,4,4,2,6,2,128,1,1,0,0,1
38185,5,2,1,7,1,69.4,1,2,0,1,1
39636,5,2,1,1,3,50.46,1,1,0,5,1
13647,1,4,2,6,1,157.4,1,3,0,1,1
25001,5,4,1,8,1,174.17,1,2,0,3,1
32585,4,3,2,31,1,89,1,1,0,1,1
30000,5,3,2,21,3,134,1,2,0,2,1
18904,2,4,2,17,3,129.5,1,1,0,1,1
16435,5,3,1,8,2,115,0,2,0,1,1
28578,2,3,1,33,1,88.88,1,2,1,2,1
20000,2,1,1,43,2,64,1,3,0,0,1
16998,2,3,2,31,3,131.67,1,1,0,1,1
21188,3,3,2,23,2,89.11,1,3,0,0,1
15999,2,4,2,7,2,136.45,1,3,0,3,1
45621,5,1,1,8,3,46.69,1,2,0,0,1
28989,3,3,1,18,3,89,1,3,0,0,1
17501,5,2,2,24,3,162.28,1,3,1,0,1
39206,5,2,1,7,2,59.94,1,2,0,1,1
18555,2,3,2,6,3,83,1,2,1,3,1
18797,2,3,1,5,1,90.44,1,2,1,2,1
23612,2,2,1,20,1,72,1,3,0,0,1
18000,2,2,1,8,1,75,1,2,0,2,1
25951,5,4,2,7,1,163,1,2,0,1,1
25653,3,3,2,18,1,115,1,3,0,2,1
38000,5,2,1,5,3,45,1,3,0,1,1
11964,2,4,2,29,1,147.11,1,2,1,0,1
31474,2,3,2,33,3,89.6,1,3,1,1,1
21013,2,2,1,20,2,80,1,2,0,0,1
30500,5,2,1,8,2,73,1,2,0,4,1
13727,3,3,2,16,3,88.15,1,3,0,1,1
11429,3,1,1,17,3,49,1,2,0,0,1
29787,5,3,1,8,2,100.38,1,3,0,1,1
22990,2,3,2,32,3,97,0,3,0,3,1
23000,5,4,2,14,2,160,1,3,0,0,1
25143,5,4,2,28,1,175,1,3,0,4,1
34457,4,5,4,31,1,206.64,1,1,0,1,1
17900,5,3,2,28,1,153,1,3,0,4,0
24000,5,3,1,32,3,161,1,3,0,4,1
28922,5,4,1,7,1,102,1,2,1,0,1
31000,5,3,2,24,2,120,1,3,0,3,0
32944,5,2,1,8,1,66.78,1,2,1,1,1
24030,3,4,2,16,1,165.3,1,3,0,2,1
20899,3,3,1,15,1,89,1,3,0,0,1
36000,5,2,1,7,1,73.3,1,2,1,3,1
9376,3,3,2,11,2,162.12,0,3,1,0,1
18276,4,3,2,26,3,145,1,1,0,0,0
31123,5,3,1,7,2,98,1,2,1,3,1
32524,5,3,1,7,3,107,1,3,0,3,1
16647,4,3,2,32,2,167,1,3,0,1,1
16799,5,3,2,21,2,177.28,1,2,0,0,1
28157,2,3,2,26,2,101.22,1,3,0,4,1
19327,5,3,2,8,3,104,0,2,1,4,1
28480,5,3,1,27,3,125,1,3,0,1,0
20000,2,3,2,19,1,150,1,2,0,5,1
20188,3,3,1,6,2,80,1,2,0,2,1
21277,5,3,2,21,3,148.52,1,2,0,2,1
31811,2,4,2,27,2,116,1,3,0,3,1
31381,5,1,1,8,2,47.8,1,2,1,1,1
20841,3,2,2,11,3,87.33,1,3,1,0,1
11539,2,4,2,22,3,130,1,2,0,0,1
26067,5,2,1,7,1,59.08,1,2,0,4,1
27788,5,5,2,6,1,113,1,2,1,2,1
37873,5,2,1,6,2,70.5,1,2,0,0,1
18801,5,4,2,11,1,177.02,1,2,0,0,1
12562,4,3,2,17,1,121,1,1,0,0,1
20000,3,2,1,18,2,89,1,3,0,0,1
15534,4,3,1,8,2,103,1,2,0,3,1
14973,2,3,2,27,1,110.87,1,1,0,0,1
11857,6,4,2,17,2,139,1,1,0,0,1
35000,5,3,2,29,2,123,1,2,1,3,1
28379,2,3,1,19,2,88.8,1,3,1,3,1
14811,3,2,1,23,2,79,1,1,0,0,1
17169,3,3,2,19,1,166,1,3,0,5,1
18405,6,2,1,27,2,89,1,3,1,5,1
30446,2,3,2,32,1,101,1,1,0,1,1
12027,2,3,2,7,2,133,1,3,1,0,1
10676,2,3,1,5,2,91.8,1,3,0,4,1
18202,5,3,2,26,2,139,1,3,0,0,1
27943,5,2,1,30,2,104.5,0,3,0,1,1
19500,2,1,1,6,1,53.4,1,2,1,1,1
17226,6,2,1,26,2,75.47,1,2,1,5,1
6600,6,3,2,6,2,150,0,3,0,5,1
12644,2,3,1,4,1,87,1,3,0,1,1
20455,5,3,1,6,2,88,1,2,1,0,1
42223,5,2,1,7,2,67.5,1,2,0,1,1
35330,5,2,1,8,1,50.1,1,2,1,1,1
23694,5,2,1,7,1,69.64,1,3,0,4,1
30492,5,2,1,7,2,61,1,3,0,4,1
18947,2,3,1,6,2,78.96,1,1,1,1,1
32292,5,2,1,7,2,87.95,1,3,1,2,1
18483,5,3,1,7,3,117.95,1,2,1,0,1
16313,2,3,2,7,2,134.25,1,3,0,4,1
30561,2,4,2,28,2,111.91,1,3,0,0,1
22492,5,6,2,7,1,128.94,1,3,0,1,1
17107,2,3,1,5,2,90.49,1,2,1,1,1
16024,3,3,2,7,2,137.3,1,2,1,4,1
15479,2,3,2,8,3,93.03,1,2,1,2,1
20195,2,3,2,11,2,125.23,1,3,0,1,1
23298,5,3,2,11,2,121.47,0,2,0,5,1
16901,3,3,2,11,2,128.99,1,3,1,5,1
20501,2,3,2,18,1,125.12,1,3,0,4,1
17000,2,3,2,7,2,119.24,1,2,1,2,0
15572,3,3,2,11,2,122.02,1,3,1,1,1
21785,5,4,2,12,2,144.14,1,3,0,0,1
23610,5,4,2,22,2,182.98,1,3,1,1,1
31798,5,3,1,7,2,111.55,1,2,1,3,1
22516,5,4,2,10,2,159,1,3,1,4,1
32710,2,3,2,17,1,86.06,1,3,0,0,1
36104,5,3,1,30,1,135.72,1,1,0,2,1
16584,2,3,2,6,2,120,1,2,0,0,1
7819,6,3,2,6,1,102.32,1,1,1,1,1
26002,5,3,1,30,2,121.53,1,2,1,1,1
31373,5,3,2,7,1,102,1,3,1,5,1
12558,5,2,1,40,1,106.71,1,2,0,3,1
10512,6,3,1,5,1,83.72,1,3,0,3,1
22656,5,3,2,21,1,154.49,1,3,0,1,1
20747,3,2,1,23,2,89.17,1,3,0,0,1
23977,3,2,1,9,2,86.75,1,3,1,2,1
46026,5,2,1,7,3,51.71,1,2,0,4,1
9215,6,5,1,22,1,280,1,2,0,4,1
13266,6,5,3,28,3,392,1,1,1,0,1
15683,6,5,3,22,1,181.73,1,1,0,3,1
18346,6,3,2,31,1,139,0,1,1,2,1
20000,4,4,2,7,2,142,0,1,0,3,1
15000,3,4,2,14,2,159,1,1,0,0,1
48377,5,5,3,14,1,221.18,1,3,0,4,1
22833,5,3,2,30,1,173,1,3,0,3,1
20000,4,4,2,26,1,178,1,1,0,0,1
46066,5,5,2,27,2,174.75,1,1,0,4,1
3886,6,4,3,7,2,175,1,1,0,0,1
38000,2,6,6,2,3,161,1,1,0,0,1
19493,5,7,2,15,3,138,1,3,0,0,1
22073,5,4,2,30,2,193,1,3,0,3,1
26979,2,4,2,31,3,139,1,1,0,0,1
16967,5,2,1,17,3,89,1,1,0,0,1
21127,2,5,2,25,1,142,1,2,0,0,1
25226,5,4,2,32,1,159.76,1,3,0,2,1
26169,2,3,2,34,2,121.52,1,1,1,4,1
30997,2,5,2,33,1,179.6,1,2,1,2,1
58000,2,5,3,4,3,161,1,1,0,0,1
31001,2,4,2,28,2,143.61,1,1,0,5,1
31577,2,4,2,30,3,164.68,1,3,0,4,1
29510,4,4,2,26,2,138.94,1,1,0,2,1
31602,2,4,3,25,1,138.6,1,1,0,0,1
9323,6,4,2,24,1,177,1,1,1,5,1
17487,5,3,2,31,2,183,1,2,1,4,1
29196,2,4,2,30,1,137.9,1,1,0,2,1
25493,4,3,2,27,3,142,1,1,0,0,1
19500,5,4,2,12,2,172.88,1,3,0,0,1
26563,1,4,2,32,1,142.68,1,1,0,5,0
21982,5,5,2,33,2,212,1,1,1,3,1
15085,6,4,2,18,2,118,1,1,0,2,1
18105,5,3,2,20,3,153,1,1,0,4,1
31021,2,4,2,26,2,125.08,1,1,0,4,1
29975,4,4,2,33,2,139.12,1,1,0,1,1
15466,6,4,2,31,2,161,1,3,1,1,1
21679,1,4,2,32,3,143,1,1,0,5,1
23956,1,4,2,31,3,134,1,1,0,4,1
25035,1,4,2,31,3,143,1,1,0,3,1
30752,4,4,3,26,3,172.35,1,1,0,1,1
31949,2,3,2,26,2,125.2,1,1,0,3,1
30196,2,4,2,31,2,138.43,1,1,0,0,1
17347,5,3,2,25,3,190.24,1,2,0,5,1
10572,6,4,2,15,1,140,1,1,0,0,1
31825,2,4,2,33,3,137,1,1,0,4,1
27500,2,3,2,32,1,114,1,1,0,0,1
16970,2,5,3,26,1,198,1,1,0,1,1
33024,2,4,2,26,3,129,1,3,0,1,1
18935,2,4,2,17,3,145.24,1,1,0,2,1
37000,5,4,2,25,1,139.19,1,1,0,2,1
19500,2,4,2,25,3,160,1,1,1,4,1
31533,2,4,2,24,1,137,1,1,0,3,1
31288,2,4,2,26,1,132,1,1,0,3,1
32795,2,4,2,17,1,118.8,1,1,0,5,1
28000,5,6,4,17,3,430,1,1,0,2,1
26000,5,5,2,32,2,205,1,2,0,4,1
21000,2,5,2,26,2,231,1,1,0,5,1
52852,6,4,3,3,3,208.13,1,1,1,2,1
31612,2,4,2,26,2,136.66,1,1,0,1,1
29619,2,4,2,26,3,136.74,1,1,0,3,1
6021,6,4,2,6,2,196,1,3,0,1,1
33056,2,4,2,26,1,136.74,1,1,0,2,1
25067,4,4,2,26,3,131.25,1,1,0,1,1
29979,2,4,2,17,1,142.77,1,1,0,4,1
29791,2,3,2,33,1,129,1,2,0,1,1
31470,2,4,2,26,2,123.93,1,1,0,4,1
32701,2,3,2,24,2,137,1,1,0,3,1
20000,4,3,1,28,3,115,1,1,1,1,1
29042,2,4,2,34,2,119.83,1,1,1,5,1
32174,2,4,2,26,1,136.76,1,1,0,4,1
29045,2,3,2,26,3,136,1,1,0,3,1
34842,2,4,2,26,1,136.62,1,1,0,4,1
34976,2,4,3,25,2,155.25,1,1,0,1,1
35807,2,4,2,25,1,155,1,1,0,4,1
28167,4,4,2,18,2,140.52,1,1,0,3,1
26095,2,4,2,29,3,132.21,1,2,0,3,1
32458,2,4,2,17,1,175,1,1,1,2,1
31514,2,3,2,26,1,125.66,1,1,0,4,1
30936,2,4,2,26,2,139,1,1,0,3,1
31200,2,4,2,26,2,125,1,1,0,4,1
22266,2,4,2,27,3,128,1,1,1,4,1
45000,2,5,3,5,3,161.46,1,1,0,0,0
19000,2,4,2,31,2,140,1,1,1,0,1
27500,2,4,2,33,1,180,1,1,1,1,1
10500,3,5,2,11,2,160,1,2,0,0,1
27003,2,3,2,32,2,128.36,1,1,0,0,1
20975,2,4,2,17,1,195,1,2,0,4,1
19018,5,3,2,12,2,163,1,3,0,0,0
24086,2,5,2,29,3,164,1,1,0,5,1
30481,4,4,2,26,3,138.12,1,1,0,4,1
19006,6,4,2,31,2,171,1,1,1,2,1
32007,2,3,1,17,1,142.91,1,1,0,1,1
30000,2,4,2,29,1,128,1,2,0,0,1
8956,6,3,2,10,3,134,1,1,0,2,1
20426,2,3,2,6,2,141,1,2,0,1,1
25118,2,4,2,17,3,165.62,1,1,0,0,1
65625,5,4,2,4,3,175.24,1,1,0,4,1
15267,6,4,2,19,3,169,1,3,0,4,1
31978,2,4,2,32,1,124.15,1,1,0,0,1
35860,2,4,2,30,1,128,1,1,0,0,0
28000,2,4,2,34,2,120.93,1,1,1,3,1
27500,2,4,2,30,3,128,1,1,0,0,1
35000,2,4,2,25,1,155.3,1,1,0,2,1
26546,2,4,2,17,3,165,1,3,0,0,1
23759,1,4,2,32,3,141,1,1,0,2,1
31973,2,4,2,33,1,129.8,1,3,0,2,1
9636,6,3,2,30,2,192,1,2,1,1,1
17343,3,4,2,23,2,143,1,1,0,0,1
6375,6,4,2,7,2,160,1,3,1,2,1
21012,6,4,2,17,2,168,1,1,0,0,1
9837,6,4,3,24,3,183,1,2,0,2,1
26129,2,4,2,34,3,120.94,1,2,1,2,1
16500,6,4,2,17,1,155,1,1,0,2,1
15000,2,6,3,11,1,242.47,1,1,0,0,1
34938,2,5,2,31,1,160,1,1,0,0,1
17298,6,4,2,25,2,185,1,1,0,0,0
26456,2,4,2,17,1,158,1,1,0,0,1
27000,2,4,2,33,1,121.08,1,2,1,2,1
9394,6,3,2,6,3,165,1,2,0,2,1
33026,5,4,2,21,3,195,1,2,1,1,1
16757,2,3,2,11,2,148,1,3,0,0,1
30439,2,4,2,17,2,142.91,1,1,0,1,1
15432,2,5,2,5,2,232,1,1,0,0,0
27972,2,4,2,31,3,138,1,1,0,0,1
31588,2,4,2,28,3,141.83,1,1,0,4,1
12344,6,4,2,20,3,128,1,1,0,4,1
25500,2,4,2,34,3,120,1,1,1,2,1
17877,6,5,3,24,1,259,1,1,0,0,1
30902,2,4,2,26,2,139.8,1,1,0,1,1
30381,5,3,2,7,1,148.12,1,3,1,1,0
30500,2,4,2,26,1,125.66,1,1,0,2,1
21418,5,3,2,8,3,127,1,2,1,4,1
26962,2,4,2,33,3,131.3,1,1,0,2,1
18111,6,3,2,30,2,127,1,1,1,3,1
18529,5,3,1,11,2,111.45,1,2,0,0,1
21250,2,2,1,4,3,48,1,2,0,3,1
28731,2,4,2,33,1,126,1,1,0,1,1
19499,2,5,3,18,1,259,1,2,0,4,1
30963,2,4,2,26,2,135,1,1,0,1,1
15661,5,5,2,27,1,318,1,2,1,3,1
17939,2,4,1,26,3,163.89,0,1,1,2,1
13244,5,3,1,23,2,111,1,1,0,0,1
23562,5,4,2,22,3,163.4,1,1,1,2,1
21539,6,3,2,31,3,143,0,2,0,0,1
5218,6,4,3,6,3,230,1,2,1,1,1
11012,6,4,2,17,1,174.37,1,2,1,4,1
19458,5,2,1,7,1,58.59,1,2,1,3,1
38991,5,4,2,12,1,156.19,1,3,0,1,1
21897,5,5,3,4,2,300.5,1,3,0,0,1
17985,6,4,2,17,3,129,1,3,0,5,0
19319,6,4,2,11,3,132,1,1,1,2,1
23934,5,3,1,10,2,150,1,2,1,5,0
18696,4,3,1,32,3,115,1,1,1,4,1
24057,2,4,2,27,3,120.55,1,1,1,3,1
23012,5,3,2,13,1,129.5,1,1,0,1,1
43791,5,4,2,24,3,153,1,1,0,0,1
24993,2,3,2,27,2,127,1,1,1,3,1
14862,5,1,1,17,2,72,1,1,1,0,1
33986,2,4,2,31,2,138,1,1,0,0,1
13840,3,4,2,16,1,112,1,3,0,2,0
18024,5,4,2,20,3,172,1,2,1,3,0
25501,2,4,2,33,1,125.88,1,1,0,1,1
20357,2,3,2,17,1,154.25,1,3,0,2,1
24000,5,5,2,28,1,210,1,2,0,2,1
38015,2,4,2,7,1,141,1,2,0,2,1
13038,6,4,2,17,3,135,1,1,0,5,1
17952,2,4,2,11,2,201.1,1,1,0,0,1
15839,2,5,2,6,1,188.66,1,2,0,0,1
15018,6,4,2,17,2,186.45,1,3,0,0,1
37747,2,4,2,7,3,142,1,2,0,2,1
19304,5,2,1,6,1,76.05,1,2,1,4,1
24075,6,5,3,22,2,216,1,1,1,1,1
24754,2,4,2,33,3,131.7,1,2,0,3,1
18073,6,4,3,32,1,166,1,1,0,1,1
24700,5,5,2,30,2,210,1,2,0,4,0
18468,5,4,2,6,1,137,1,3,0,0,1
17203,5,4,2,7,1,143,1,2,0,1,1
12287,5,3,1,18,1,89.53,1,1,0,0,1
26038,4,3,2,33,3,122.9,1,1,0,3,1
45595,6,5,3,3,3,263.19,1,1,0,0,1
42951,2,5,2,28,1,153.2,1,3,0,1,1
13954,6,4,2,17,1,129,1,1,0,5,1
15572,6,3,2,31,1,140,1,1,1,1,1
35568,5,3,2,8,2,97,1,3,0,1,1
20015,2,2,1,6,1,69.7,1,2,0,4,1
24870,2,4,2,32,2,133.9,1,1,0,0,1
27023,2,4,1,28,3,127.3,1,1,1,1,1
22456,6,4,2,17,1,167,1,3,0,0,1
14862,5,1,1,17,2,72,1,1,1,0,1
25000,5,4,2,32,3,184,1,1,0,2,1
23976,2,4,2,26,3,144.73,1,2,0,3,1
20745,5,2,1,18,3,92,1,2,0,4,0
26977,2,4,2,17,2,132.71,0,1,1,3,1
30865,4,3,2,11,2,162,1,1,0,5,1
23000,6,5,3,27,1,200,1,1,0,5,1
26500,2,4,2,26,3,125.08,1,1,0,4,1
27977,2,5,2,28,3,168,1,2,0,5,1
23145,2,4,2,33,2,120.98,1,1,1,3,1
19500,3,4,2,31,1,124.8,1,1,0,1,1
20999,2,3,2,26,2,126.2,1,1,0,0,1
31913,2,4,2,30,2,112.81,1,3,0,0,1
35012,2,4,2,30,1,154.52,1,1,0,0,1
19203,6,3,2,29,3,138,1,2,0,0,0
32448,2,4,2,28,3,143,1,1,0,5,1
21986,2,4,2,25,1,166.02,1,1,1,2,1
26994,5,3,1,7,1,119.51,1,2,1,3,1
27000,2,4,2,33,2,127.27,1,1,0,4,1
27000,2,3,2,33,1,126,1,1,0,2,1
19000,3,4,2,32,3,142.46,1,1,0,3,1
11988,2,4,1,25,2,156,1,2,0,0,0
52245,5,5,2,24,1,245,1,1,0,2,1
37708,5,4,2,15,1,141.88,1,3,0,3,1
35500,2,5,3,28,1,168,1,1,0,3,1
16017,5,3,2,17,3,123,1,1,1,2,1
18555,6,4,2,32,3,166,1,1,0,3,1
29000,2,4,2,33,1,118.52,1,1,0,2,1
25816,4,3,2,15,3,123.18,1,1,0,2,1
13847,1,4,2,32,3,143,1,3,1,1,1
29576,2,5,3,17,2,165,1,1,0,0,1
11480,6,3,2,27,1,169.87,1,1,1,1,1
32000,2,4,2,25,1,155.25,1,1,0,2,1
22838,5,4,2,7,1,148,1,2,0,2,1
30000,5,4,2,32,2,164,1,1,0,4,1
5321,6,4,2,7,1,156,1,3,0,5,1
23063,5,5,2,28,3,209,1,1,0,4,1
10043,6,4,2,24,3,179.23,1,2,0,4,1
27068,2,4,2,32,1,133,1,1,0,0,1
21000,5,3,1,8,2,120,1,2,0,1,1
25828,5,3,2,31,1,139,0,1,0,0,1
17976,5,3,2,16,1,163,1,2,0,3,1
28065,6,3,1,30,3,124,1,1,1,0,1
16990,2,3,1,7,1,93,1,2,1,2,1
11712,3,3,2,17,3,101.61,1,3,1,5,1
17693,6,4,2,35,1,175.22,1,1,0,3,1
48969,5,5,3,6,2,223,1,1,0,3,1
32000,5,3,1,7,3,58,1,3,0,5,1
25078,5,4,2,7,2,161.5,1,3,0,2,1
17025,4,4,2,8,3,121,1,3,0,0,1
6068,6,4,3,7,1,178,0,2,0,0,1
16280,2,2,1,8,2,81.7,1,2,1,3,1
29739,2,4,2,17,2,142.91,1,1,0,1,1
26984,2,4,2,17,2,124.52,1,1,1,2,1
4834,6,5,4,9,1,300,1,3,0,1,1
13989,6,4,2,31,1,168,1,3,1,4,0
24452,2,4,2,34,3,119.83,1,1,1,3,1
23531,5,4,2,19,3,126.22,1,1,0,0,0
14038,6,3,2,17,3,116.83,1,1,0,4,1
25787,2,4,2,34,2,119.83,1,1,1,5,1
23800,5,4,2,17,3,182,1,3,1,4,0
20993,5,4,2,8,2,141,1,2,1,4,1
33044,2,4,2,31,1,138,1,1,0,0,1
30673,2,4,2,18,3,119,1,3,0,2,1
20062,1,4,2,17,2,162,1,2,0,2,1
15048,5,3,1,8,3,105,1,1,0,2,1
29792,2,4,2,26,2,125.54,1,1,0,4,1
28704,5,3,2,19,1,127.16,1,3,1,0,1
26000,2,4,2,33,3,137,1,2,0,2,1
24055,5,4,2,25,3,185,1,1,0,4,1
19932,5,3,2,16,3,87.3,1,1,0,0,1
15122,6,4,2,32,3,164,1,1,0,3,1
20551,5,4,2,21,1,165.4,1,3,0,0,1
21000,5,5,2,27,2,172.47,1,2,1,1,1
13876,6,4,2,17,2,129,1,1,0,1,1
14117,5,3,1,8,1,91,1,2,0,0,1
12976,6,4,2,23,3,173.4,1,1,1,4,1
31593,4,4,2,7,2,150.35,1,1,0,5,0
8700,6,3,1,18,3,150,1,1,1,0,1
23899,5,4,2,25,1,171.56,1,2,1,2,1
24437,2,4,2,17,3,133,1,1,1,2,1
29889,2,4,2,33,3,180,1,3,1,1,1
24579,2,4,2,27,2,124.09,1,1,1,1,1
18132,6,5,2,15,3,182,0,3,0,0,1
16464,6,4,2,32,2,164,1,1,0,2,0
25875,6,3,3,35,2,143,1,3,0,0,1
29501,2,4,2,33,2,131.32,1,1,0,2,1
26000,2,4,2,25,3,123,1,1,1,3,1
16286,6,5,3,26,3,350,1,1,0,0,1
19235,5,3,2,15,2,115,1,2,0,0,1
30963,1,5,2,32,3,187,1,1,1,3,1
11843,6,4,3,24,2,190,1,2,1,4,1
21032,6,3,2,35,2,126,1,1,0,4,1
19796,5,4,2,23,1,146.5,1,1,0,1,1
15504,6,4,2,18,2,129,1,1,0,4,1
13757,6,4,2,20,2,116.31,1,1,0,5,1
16920,5,3,2,11,3,125,1,3,1,0,1
29743,4,4,2,18,1,140.54,1,1,0,2,1
31000,2,4,2,32,2,130.83,1,1,0,1,1
23496,5,4,2,14,3,160.88,1,1,0,4,1
38388,2,4,3,4,3,155,1,1,1,2,1
32544,2,4,2,26,1,136.74,1,1,0,2,1
45000,5,4,2,27,1,176,1,1,0,4,1
21668,3,4,2,27,1,142.61,1,3,0,0,1
17745,5,2,1,7,2,86,1,2,0,0,1
39412,6,6,2,3,3,170,1,1,1,1,1
15809,6,4,2,17,2,136,1,1,0,1,1
30585,2,4,2,15,1,166.75,1,1,0,0,1
5563,6,4,2,8,2,160,1,2,0,1,1
12500,6,3,2,31,3,168,1,3,1,1,1
24194,5,5,3,4,1,310,1,2,0,2,1
11475,6,4,2,10,3,156,1,2,0,3,1
13436,6,4,2,27,2,169.7,1,1,1,3,1
24852,2,4,2,32,1,128.36,1,1,0,0,1
16910,2,4,2,10,1,220,1,1,0,0,1
18500,2,4,2,10,2,141,1,2,0,0,1
16200,2,4,2,10,3,121.78,1,3,0,0,1
23009,2,4,2,26,1,113,1,1,0,0,1
42000,2,5,2,5,3,161,1,1,0,0,1
15521,6,4,2,18,2,192,1,3,0,0,1
19647,4,3,2,32,1,113,1,1,1,4,1
10106,3,5,3,23,2,190,1,1,0,0,1
33678,2,4,3,25,1,155,1,1,0,4,1
29928,2,4,2,24,1,137,1,1,0,4,1
17400,5,2,1,18,1,121.7,1,2,0,0,1
27000,2,4,2,33,1,127.27,1,1,0,4,1
30000,2,3,2,26,2,123.93,1,1,0,2,1
34435,1,5,3,4,3,199.8,1,1,0,2,1
28539,4,3,2,25,2,130.7,1,1,1,0,1
16146,4,4,2,24,1,192,1,2,0,2,1
30000,4,4,2,29,3,155,1,1,1,0,1
18024,4,3,2,32,3,167,1,3,0,2,1
26041,4,3,2,27,2,149,1,1,0,1,1
27124,4,3,2,23,2,131.62,1,1,0,0,1
27825,4,3,2,23,2,141.96,1,1,0,0,1
27518,4,3,2,25,2,141,1,1,0,0,1
28131,4,3,2,33,1,123,1,1,0,5,1
30994,3,3,2,26,1,119.38,1,3,0,0,1
27840,4,3,2,33,3,125,1,1,0,1,1
32620,4,4,2,33,1,168,1,1,0,5,1
31440,4,3,2,24,3,132,1,1,0,0,1
27303,4,4,2,32,2,152,1,1,0,4,1
23101,4,3,2,28,3,129,1,1,0,2,1
19509,4,3,2,30,2,122,1,1,0,1,1
21964,4,3,2,18,2,163,1,2,0,4,1
31973,4,3,2,7,2,147,1,1,0,3,1
17871,4,3,2,19,3,131.5,1,3,0,2,1
30490,1,4,2,31,1,143,1,1,0,0,1
22000,3,3,2,25,2,114.2,1,1,0,0,1
11112,3,3,1,14,3,99,1,1,0,0,1
22092,4,3,2,26,3,135.8,1,1,0,2,1
21942,4,3,2,17,2,136.27,1,1,1,5,1
15577,4,3,2,16,2,104,1,1,0,1,1
28505,3,3,2,15,2,115,1,3,0,0,1
23944,5,3,2,31,3,142,1,1,1,4,1
19483,2,3,2,6,2,116,1,3,0,0,1
30132,5,3,2,24,1,152,1,2,0,2,0
17716,4,3,2,26,2,163.7,1,2,0,3,1
23700,1,4,2,32,1,123,1,1,0,2,1
11613,4,3,2,30,2,155,1,1,0,2,1
51840,5,3,2,23,1,138.89,1,1,0,1,1
29260,4,3,2,17,3,135,1,1,1,0,1
30050,4,3,2,33,1,154.08,1,1,0,5,1
29496,3,3,2,22,1,119,1,3,0,0,1
24616,3,3,2,26,1,130,1,2,0,3,1
25440,5,3,2,31,2,125,1,1,0,2,1
28819,4,4,3,25,1,220,1,1,0,0,1
23334,1,3,2,30,1,120,1,1,1,1,1
30000,4,3,2,29,3,130,0,1,1,0,1
23462,3,4,2,26,3,130,1,3,0,1,1
20330,5,3,2,7,2,127.89,1,2,0,0,1
22876,4,4,2,27,3,153,1,1,0,2,1
31583,4,3,2,26,2,131.4,1,1,0,3,1
22591,5,3,2,30,2,166,1,2,0,2,1
12578,3,3,1,6,2,97,1,2,0,2,1
15264,4,2,1,6,2,76,1,2,0,4,1
28572,5,4,2,17,1,126,1,2,0,0,1
20986,4,3,2,17,1,142,1,2,0,5,1
21225,1,4,2,32,2,126.27,1,1,0,3,1
24000,2,3,2,33,3,120,1,1,0,2,1
20000,4,3,2,11,1,160,1,3,0,3,1
13500,3,3,1,14,3,108,1,1,0,0,1
20589,5,2,1,8,1,102,1,2,0,3,1
10325,1,3,2,18,1,132.5,1,1,0,3,1
14075,3,3,2,25,3,135,1,2,0,0,1
22848,4,4,2,26,2,151,1,1,0,1,1
16800,4,4,2,32,3,125,1,1,1,1,1
15112,2,3,1,7,1,102.57,1,2,0,4,1
42882,5,4,2,25,2,139.92,1,1,0,0,1
47805,4,4,3,6,1,123,1,1,0,0,1
24710,5,4,2,19,3,127.48,1,1,0,0,1
29735,2,3,1,31,2,113,1,3,0,0,1
28636,5,4,1,1,3,93.59,1,2,0,2,1
23893,4,3,2,20,2,126.4,1,2,0,2,1
37962,5,4,2,27,2,157,1,1,0,0,1
19912,4,3,2,26,1,113,1,1,0,0,1
14834,2,3,1,2,3,82.92,1,2,0,2,1
28563,4,3,2,25,2,167,1,1,0,0,1
25700,2,3,2,25,3,106,1,3,0,3,1
41722,4,3,3,31,1,167.78,1,3,0,1,1
28807,3,4,2,7,2,142.33,1,1,0,0,1
54940,5,4,2,15,1,166,1,1,0,1,1
29194,5,4,1,17,2,124,1,3,0,0,1
35497,5,3,1,23,2,131,1,3,0,1,1
28541,4,3,2,28,1,137,1,1,0,2,0
22435,4,3,2,30,1,115,1,3,0,3,1
16539,1,4,2,18,2,130,1,1,0,3,1
28765,3,3,1,14,1,89,1,3,0,0,1
18506,2,3,1,29,2,109.7,1,1,0,3,1
25960,5,3,2,18,3,99,1,3,0,0,1
15564,4,3,2,11,1,146.5,1,1,1,2,1
51247,5,3,2,17,3,128.79,1,3,0,4,1
22603,4,4,2,27,3,146,1,1,0,2,1
31959,4,4,2,32,2,143,1,3,0,3,1
18381,1,3,2,34,1,126,1,1,0,4,1
26378,3,3,2,6,3,127,1,1,0,0,1
28618,4,3,2,33,3,123,1,1,0,1,1
17541,5,3,1,8,2,98.63,1,2,1,2,1
31545,4,3,2,31,3,123,1,2,0,3,1
16426,2,3,2,6,3,125.4,1,2,0,0,1
17450,2,4,2,18,2,149,1,3,0,3,1
11875,4,3,2,11,2,160,1,2,0,2,1
26638,5,4,2,6,1,118.72,1,3,0,3,1
27953,4,3,2,31,3,127,1,1,1,0,1
29907,2,3,2,25,3,107,1,3,1,1,1
29000,2,4,2,26,2,156,1,1,0,4,1
18645,2,3,2,6,2,118,1,2,0,2,1
28600,2,4,3,28,1,161,1,1,0,0,1
30157,4,3,2,31,1,128,1,1,1,0,1
13642,4,3,2,26,1,162,1,1,0,2,1
19377,4,3,2,6,2,166.7,1,3,1,3,1
31930,4,3,2,23,1,171,1,1,0,0,1
11309,5,3,1,18,2,100.1,1,1,0,0,1
35477,4,5,3,14,1,210,1,3,0,1,1
27787,4,4,3,29,1,262,1,1,0,1,1
13454,3,4,2,11,2,165.75,1,2,1,3,1
25920,4,5,2,17,3,272,1,3,0,3,1
19068,4,3,2,11,1,149,1,1,0,5,1
23031,4,3,2,25,3,165,1,1,0,5,1
18505,2,2,1,7,1,66.47,1,2,1,4,1
18944,5,3,2,6,2,123,1,3,0,4,1
17722,4,3,2,7,3,158,1,3,0,4,1
34965,4,3,2,25,1,141,1,1,0,0,1
17976,2,4,2,11,2,164,1,3,0,0,1
31858,4,4,2,23,3,140,1,3,0,0,1
22813,4,3,2,19,2,160,1,3,1,3,1
15493,4,4,2,7,1,162.66,1,3,0,1,1
20966,4,4,2,31,2,176,0,3,0,0,1
24969,5,4,2,30,1,157,1,2,0,1,1
16542,4,4,2,11,3,133,1,3,0,3,1
19036,4,3,2,6,2,128.71,1,3,0,3,0
19355,4,3,2,26,1,155,1,3,0,0,1
16171,4,3,1,7,2,141,1,3,1,0,1
17451,2,4,2,27,3,153,1,1,0,1,1
18544,5,3,2,18,3,151,1,2,1,0,1
22160,6,5,3,29,3,217.97,1,3,0,2,1
18956,5,6,2,28,1,249,1,2,1,1,1
23810,4,3,2,16,2,147,1,1,0,2,1
23334,4,4,2,25,1,150,1,1,0,4,1
34999,5,4,2,26,2,104.72,1,3,0,0,1
21580,5,4,1,24,2,183,1,2,0,4,1
18128,5,5,2,22,2,192.8,1,3,0,4,1
15768,6,4,2,26,1,189,1,3,0,4,1
32028,4,4,2,26,3,172.35,1,1,0,3,1
29390,4,3,2,26,3,131,1,1,0,3,1
9219,2,3,2,6,3,128,1,2,0,2,1
20625,5,4,2,28,2,160,1,2,0,3,1
37759,5,4,2,26,1,116,1,3,1,1,1
15552,4,3,2,27,1,144.68,1,1,0,4,1
19558,5,4,2,11,2,153.39,1,2,1,0,1
29079,5,4,2,29,1,141,1,2,1,2,1
20794,4,4,2,13,1,158.7,1,3,0,5,1
19949,5,3,1,8,3,98,1,2,1,3,1
28994,5,4,2,15,2,159,1,3,0,3,1
21769,4,4,2,23,1,164,1,3,0,3,1
17500,5,3,1,8,2,88.54,1,2,0,0,1
23473,5,4,2,7,1,189.58,1,3,0,4,1
17914,2,4,2,29,3,139,1,2,0,2,1
3564,6,4,2,8,1,188,1,3,1,0,1
25076,4,4,1,33,3,132,1,1,0,2,1
17577,5,3,1,6,3,133.7,1,3,1,3,1
21515,6,5,3,29,3,235.66,1,3,0,3,1
5000,6,4,3,6,2,160,0,1,1,2,1
26667,2,4,2,12,3,147,1,3,0,0,1
21988,2,4,2,26,2,166,0,1,1,4,1
17556,5,3,1,6,2,90,1,3,0,0,1
25026,4,4,2,29,3,197,1,1,1,0,1
14248,4,4,2,7,2,140.38,1,2,0,5,1
21247,4,3,2,18,1,164.73,1,3,0,4,1
19846,5,2,1,8,3,77.6,1,3,1,4,1
9498,6,4,2,21,3,179,1,3,0,0,1
5953,6,5,4,7,1,252,1,3,0,2,1
20762,5,3,1,12,1,130,1,2,1,4,1
13482,4,3,2,6,1,135,1,2,0,2,1
18197,5,3,2,6,2,122,1,3,0,0,1
17954,5,3,1,7,1,99.98,1,2,1,5,1
19994,6,3,2,30,2,130.04,1,1,0,1,1
16448,6,4,3,11,1,228,1,2,0,0,1
16980,2,4,2,30,3,143,1,1,1,0,1
21079,5,4,2,25,1,165,1,2,1,3,1
16706,5,3,1,5,3,85,1,2,0,1,1
14382,4,3,2,16,3,163.4,1,3,0,0,1
22209,5,7,1,8,3,156.7,1,2,0,2,1
17279,5,5,2,7,3,138.9,1,3,0,2,1
8995,6,5,2,6,2,189,1,3,0,0,1
16413,4,4,3,6,1,223,1,3,0,2,1
26471,5,4,2,22,2,187,1,1,0,1,1
25000,5,4,2,29,2,192,1,2,0,4,1
24083,5,4,5,11,1,249.14,1,3,1,0,1
35000,2,4,2,31,1,138,1,1,0,0,1
20000,4,3,2,24,2,165,1,1,0,5,0
19136,4,4,2,25,3,162,1,1,0,2,1
23334,4,3,2,25,2,150,1,1,0,1,1
29744,5,6,4,3,3,195,1,3,0,0,1
21056,4,3,2,30,2,161,1,1,1,1,1
16984,5,7,2,28,2,249,1,3,0,2,1
26767,4,4,3,28,1,201,1,3,0,4,1
17151,5,2,1,7,3,64.72,1,2,0,4,1
19760,4,4,2,12,2,166,1,3,0,2,1
20000,5,4,2,10,1,149,1,2,0,3,1
16360,4,4,2,28,1,206,1,3,0,1,1
16904,4,5,2,13,3,136.07,1,3,0,2,1
29429,4,4,3,29,1,178.4,1,3,0,1,1
21193,4,3,2,17,1,151,1,1,0,3,0
18660,4,3,2,6,2,142.5,1,3,0,5,1
22000,5,2,1,7,2,71,1,3,0,5,1
20000,5,4,2,7,2,185,1,2,1,4,1
23305,4,5,2,28,1,175.5,1,3,0,0,1
69365,4,4,4,3,3,173,1,1,0,2,1
33007,4,4,3,16,1,163,1,1,0,1,1
23596,6,3,2,27,1,89,1,1,0,4,1
24607,4,2,1,21,2,89,1,1,0,3,1
26994,5,2,1,7,2,72.24,1,2,0,3,1
14947,2,2,1,25,3,93,1,1,0,5,0
21926,3,2,1,27,2,93.5,1,2,1,2,1
23017,5,2,1,6,1,45.88,1,3,0,3,1
13847,6,1,1,19,3,65,1,3,0,4,1
19454,2,2,1,13,2,64,1,2,0,2,1
14138,3,2,1,18,3,79.93,1,3,0,0,1
26760,2,3,2,27,2,108,1,1,1,3,1
31778,5,1,1,30,3,45,1,2,0,2,1
14607,3,3,2,16,2,89,1,3,0,1,1
15027,6,2,1,11,2,89.84,1,3,0,1,1
14487,4,2,1,6,1,68.34,1,3,0,3,1
28445,5,2,1,26,3,90,1,1,0,3,1
15371,2,1,1,19,2,54,0,2,0,0,1
28427,2,3,2,27,2,89,1,1,1,2,1
27038,2,3,2,26,2,108,1,1,1,2,1
15499,5,4,2,23,1,156.87,1,1,0,0,1
15001,5,4,2,23,1,156.87,1,1,0,0,1
13550,5,4,2,22,3,154.85,1,1,0,0,1
12669,5,5,5,4,3,592,1,1,0,0,1
18000,5,3,2,15,3,138,1,2,1,0,1
22963,5,3,2,32,2,108,1,1,0,0,1
19466,5,4,2,14,2,160.28,1,2,0,3,1
18012,5,3,2,11,2,171,1,3,1,4,1
14858,5,5,2,18,3,236.25,1,1,1,4,1
16512,5,4,2,32,3,135,1,1,1,1,1
15911,5,4,3,23,3,201,1,3,0,0,1
13946,5,4,2,7,1,185,1,2,0,2,1
17018,5,4,2,18,1,172,1,2,0,0,1
14445,5,3,2,17,1,171,1,1,1,0,1
16960,5,4,2,11,2,171,1,2,1,2,1
57373,2,6,5,30,1,226.59,1,3,0,4,1
16741,5,3,2,23,2,135,1,1,1,2,1
14494,5,5,3,15,1,217,1,1,0,0,1
27059,5,2,1,7,2,85,1,2,0,2,1
15565,5,3,1,24,2,200,1,3,0,0,1
20506,5,4,2,30,3,178,1,1,0,0,1
16040,5,3,1,6,1,191.4,1,3,0,3,1
21396,5,4,2,30,1,172,1,1,0,0,1
21500,5,4,2,30,1,178,1,1,0,0,0
14847,5,4,2,6,1,163,1,1,0,4,1
19500,5,4,2,30,3,172,1,1,0,0,1
21998,5,4,2,30,1,178,1,1,0,0,1
15530,5,4,2,7,3,143.6,1,2,0,2,1
23986,5,3,2,31,2,138,1,1,0,0,1
15467,5,3,2,7,2,139,1,2,0,2,1
15856,5,4,2,8,2,130.62,1,2,0,0,1
14011,5,4,2,16,3,182,1,2,1,4,1
13453,5,4,2,7,1,168,1,2,0,0,1
20896,5,3,2,6,3,134,1,2,1,2,1
16162,5,4,2,6,1,198,1,3,1,5,1
13452,3,2,1,13,1,75.83,1,3,0,0,1
15393,5,3,1,23,2,135,1,1,1,2,1
23000,5,4,2,22,1,160,1,1,0,0,1
16951,5,4,2,23,3,182,1,3,0,4,1
18182,5,2,2,24,3,143,1,3,0,0,1
23077,2,2,1,18,2,52,1,3,0,1,1
22000,5,4,2,30,1,170,1,1,0,0,1
34000,5,10,7,3,3,500,1,2,0,0,1
15976,5,3,3,18,3,142,1,2,0,2,1
14250,5,4,2,7,2,160,1,1,1,4,1
18475,5,3,2,16,2,118,1,1,0,0,0
34861,5,2,1,8,2,93.23,1,2,0,5,1
16308,5,3,2,14,3,153,1,2,0,2,1
16014,5,4,1,18,1,153,1,2,1,0,1
23447,5,7,3,11,1,383,1,2,0,5,1
30654,5,1,1,8,2,42.41, ,2,0,5,1
15152,5,3,2,18,1,198,1,1,0,0,1
18000,5,5,2,22,2,192,1,1,0,0,1
14111,5,5,3,11,1,248.05,1,3,0,0,1
11987,5,4,2,17,2,146,1,2,0,2,1
18532,5,3,2,6,3,143,1,3,0,0,1
16901,5,4,2,11,2,171,1,2,1,5,1
14462,5,3,1,7,3,130,1,2,0,1,1
21508,2,2,1,26,2,63,1,1,1,4,1
19072,5,4,2,31,3,183,1,1,0,0,1
17314,5,3,2,6,2,134,1,2,1,5,1
14713,3,2,1,24,1,87,1,1,0,0,1
20176,2,2,1,18,1,52.54,1,3,0,3,1
17042,5,3,2,15,2,169,1,2,0,1,1
26819,5,4,2,12,2,154,1,2,0,3,1
22000,5,3,2,32,3,130,1,1,0,0,1
42000,5,4,3,25,3,166.64,1,1,0,1,1
17755,5,4,2,11,2,171.79,1,3,1,3,1
24097,5,2,1,7,2,39.01,1,3,0,5,1
14800,3,2,1,13,3,76,1,3,0,0,1
13734,5,1,1,6,3,25.85,1,2,0,2,1
21938,5,4,2,22,2,160,1,1,0,0,1
12105,5,3,2,18,1,158.87,1,1,0,0,1
18949,5,4,2,12,2,158.85,1,3,1,3,1
50000,5,5,4,6,1,216,1,1,0,5,1
22418,4,3,1,32,1,91,1,3,0,3,1
9184,3,1,1,17,3,49,1,2,0,0,1
15863,5,2,1,28,3,58,0,1,0,1,0
23530,5,6,4,19,1,119,1,2,1,0,1
15000,5,4,2,18,3,165,1,2,0,0,1
11986,5,4,2,17,2,146,1,1,0,2,1
24966,5,2,1,8,1,57.28,1,1,1,2,1
18000,5,4,3,11,1,195,1,2,1,2,1
14140,5,4,1,7,3,151,1,2,0,4,1
16496,5,5,3,11,1,240,1,2,1,5,1
24499,5,1,1,5,3,38.9,1,2,0,2,1
26830,5,2,1,15,1,82,1,2,0,2,1
19207,4,2,1,6,2,63,1,2,0,4,1
15173,5,4,2,24,3,199.7,1,1,0,0,1
41912,5,2,1,8,2,68,1,2,0,4,1
9869,6,4,2,22,1,152,0,1,1,3,1
27516,4,4,2,26,3,145.37,1,1,0,3,1
14189,4,5,3,10,1,265,1,3,0,2,1
14517,4,3,2,30,1,155,1,3,0,1,1
12932,4,3,1,5,3,89.7,1,3,0,1,1
27919,4,3,2,31,3,88.83,1,1,0,1,1
16611,4,2,1,5,3,59,1,2,0,3,1
16142,4,3,2,32,2,127,1,1,1,1,1
10345,6,3,2,27,1,145,1,1,0,1,1
23122,2,3,2,11,2,124.56,1,3,0,0,1
14474,3,4,2,6,1,152,1,3,0,0,1
9155,3,3,2,11,2,142,1,2,0,2,1
32993,4,3,2,26,1,132,1,1,0,3,1
13695,6,4,2,28,3,179.63,1,1,1,1,1
16030,2,3,2,11,2,170,1,3,0,0,1
27022,5,3,2,5,3,94,1,2,0,1,1
15468,4,3,2,6,3,139,1,3,0,3,1
27980,2,3,2,27,3,115.44,1,3,0,0,0
15095,4,3,2,7,2,106,1,3,0,2,1
16575,2,3,1,7,2,108,1,3,0,5,1
16630,3,3,1,13,2,89,1,3,0,0,1
27866,4,2,1,31,3,89,1,1,0,3,1
28350,5,3,2,7,3,103,1,2,0,4,1
38889,2,3,2,31,1,126,1,3,0,0,1
24823,5,3,2,28,3,141,1,1,1,2,1
16373,3,3,2,11,2,129,1,3,1,5,1
29548,2,4,2,31,1,137,1,2,0,0,1
15506,4,3,1,7,2,89,0,3,0,2,1
17345,5,3,1,5,3,142.41,1,2,0,1,1
18665,3,4,2,23,3,136.62,1,1,0,0,1
24800,5,3,1,23,3,125,1,2,0,4,1
12853,1,3,2,27,1,122,1,1,0,4,1
26032,4,3,2,31,2,88.74,1,1,0,5,1
16250,4,4,2,17,1,160,1,2,0,2,1
9634,6,3,1,6,1,109,1,2,1,5,1
32998,5,3,1,7,1,89.4,1,3,0,3,1
26508,5,3,2,18,1,126,1,2,0,5,1
24800,5,4,2,7,1,166.74,1,2,1,2,1
17969,2,3,2,17,1,128,1,1,0,1,1
35489,5,4,3,29,2,167.66,1,3,0,0,1
22726,6,4,2,29,1,175.13,1,1,0,3,1
20117,5,3,2,28,1,188.9,1,2,0,5,1
15951,4,3,2,27,3,163,0,3,0,3,1
21119,2,3,2,31,2,143,1,3,0,1,1
15475,3,3,1,27,1,137,1,1,1,0,1
26690,5,2,1,7,3,57.7,1,2,1,4,1
4286,6,3,2,8,1,175,1,1,0,0,1
18065,2,4,2,6,2,131.2,1,3,1,1,1
12000,2,3,2,7,3,135,1,3,1,0,1
29954,3,4,1,26,2,132.47,1,3,0,0,1
37010,5,2,1,7,3,54.04,1,3,0,3,1
26000,5,4,2,29,3,175,1,2,0,2,1
16900,2,3,1,10,3,100,1,2,0,0,1
21622,6,4,2,35,1,148,1,1,0,2,1
28246,5,3,1,7,3,85.5,1,2,1,3,1
28765,5,3,2,30,1,129.5,1,3,0,3,1
10910,2,3,2,7,2,110,1,2,1,4,1
10839,3,4,2,11,2,155,1,3,0,0,1
21924,2,4,2,20,1,156,1,2,0,0,1
11286,3,3,2,24,2,140,1,3,0,0,1
29349,4,3,2,31,3,88.93,1,1,0,3,1
18010,2,3,2,6,3,108,1,2,0,3,1
19683,4,3,2,32,1,157.25,1,3,0,1,1
31007,5,4,2,27,1,144,1,2,1,1,1
18415,5,3,2,7,2,113.5,1,2,1,2,1
11956,4,3,1,8,1,115.26,0,3,0,4,1
21429,2,3,2,17,1,140,1,1,0,1,1
21883,5,4,1,8,2,131.75,1,2,0,4,1
21747,2,3,2,6,3,119.56,1,3,1,2,1
17969,2,3,1,17,2,128,1,3,1,3,1
11973,3,4,2,11,3,147,1,3,0,3,1
9408,6,3,3,22,1,152,1,1,1,2,1
22092,4,4,2,7,2,153,1,3,0,1,1
13909,2,4,2,27,1,151.71,0,1,0,0,1
31000,2,3,2,31,1,105,0,3,1,1,1
18008,3,3,2,25,2,142.72,1,3,1,3,1
10390,3,5,2,13,1,200,1,3,0,2,1
18726,5,3,2,7,2,123.36,1,3,0,1,1
10065,3,4,2,11,1,154,1,3,0,0,1
16350,2,3,2,6,2,113.15,1,3,0,1,1
29359,5,3,1,7,1,110.7,1,3,0,1,1
22254,4,3,2,24,2,142,1,1,0,0,1
17798,2,3,1,6,2,98.61,1,3,1,2,1
20981,5,3,1,7,1,102,1,2,0,4,1
32422,4,3,2,6,2,128,1,1,0,0,1
51021,5,4,4,24,2,245,1,3,0,2,1
18500,2,3,1,7,1,100,1,2,1,5,1
41368,2,3,2,33,3,117,1,3,0,2,1
10387,3,4,2,11,1,154.05,1,3,0,0,1
30001,5,2,1,18,1,93.6,1,3,0,2,1
26000,3,4,2,7,2,140,1,1,0,0,1
16291,2,3,2,11,2,124,1,3,0,1,1
15548,5,3,2,26,2,137,1,2,0,0,1
12480,2,3,2,29,2,125,1,2,1,0,1
53984,5,3,2,16,3,118,1,3,0,5,1
15258,4,3,2,15,1,139.6,1,3,1,3,1
23007,5,4,2,17,1,139.96,1,2,1,4,1
14026,4,3,1,9,3,142.6,1,2,0,3,1
20282,4,3,2,23,2,142,1,3,0,0,1
15655,1,4,2,11,1,159.7,1,2,0,2,1
24972,5,4,2,32,2,175,1,2,0,1,1
28049,4,3,2,33,1,123,1,1,0,3,1
34627,5,3,1,32,3,93.86,1,1,0,3,1
4643,6,3,2,7,2,140,1,3,1,1,1
27820,4,2,2,31,1,85.55,1,1,0,3,0
8824,6,3,3,18,2,153,1,1,1,5,1
21352,5,3,2,11,3,148,1,3,1,0,1
16789,1,3,2,29,1,137,1,1,0,2,1
16447,4,3,2,7,2,121,1,2,0,2,1
26055,2,4,3,31,2,141.24,1,3,1,4,1
24000,2,3,2,17,2,124,1,3,0,1,1
12735,2,3,2,11,2,128,1,2,0,0,1
15312,4,3,2,7,1,104.5,1,2,0,3,1
10590,3,3,2,11,1,140.7,1,3,0,2,1
16440,6,3,1,25,1,88.2,1,1,0,3,1
14462,3,3,2,30,1,130,1,3,0,0,0
16667,2,3,2,6,2,102,1,1,1,2,1
22979,5,4,2,7,2,141,1,2,1,0,1
20750,2,3,2,6,2,114.22,1,3,0,1,1
27930,5,3,1,8,2,113.14,1,3,1,0,1
16954,4,3,2,30,3,128,1,1,0,1,1
16033,4,3,1,7,2,91,0,2,0,2,1
23016,5,3,1,18,2,126,1,2,0,1,1
13400,3,3,2,23,1,150,1,1,0,0,1
11983,1,4,2,18,2,164.4,1,3,1,0,1
18943,2,3,1,6,1,78.13,1,3,1,4,1
17493,2,3,1,7,1,99.47,1,2,1,4,1
22306,5,3,1,12,3,152.34,1,2,0,0,1
19300,4,3,2,7,1,100,1,3,0,0,1
20997,4,3,2,13,2,136.69,1,2,0,1,1
29771,5,2,1,21,1,87,1,3,1,0,1
33553,6,4,2,4,2,152,1,1,1,1,1
8500,6,3,2,18,2,140,1,1,0,0,1
43038,4,4,2,18,1,158,1,3,0,2,1
13355,6,4,2,25,1,161,1,1,0,4,1
22418,5,3,2,28,3,128.47,1,2,1,4,1
16992,5,3,2,7,1,123,1,2,1,1,1
28014,4,3,2,32,1,143.5,1,3,0,3,0
23920,2,3,2,31,2,125,1,1,0,4,1
34858,5,3,2,26,2,105,1,3,0,0,1
16495,2,4,2,11,2,164.3,1,3,0,0,1
26581,4,4,2,21,3,124.15,1,3,0,1,0
15136,2,3,1,27,2,111,1,2,0,0,1
11465,6,3,2,22,2,157,1,1,0,2,1
21086,3,4,2,11,2,152,1,3,0,4,0
18145,2,3,2,6,3,127.31,1,3,1,3,1
12583,4,3,2,7,1,151,0,3,1,1,0
23843,5,3,2,6,3,131.7,1,3,0,1,0
19660,4,4,2,24,1,176,1,1,0,0,0
18048,4,4,2,12,1,169,1,3,0,3,1
15754,6,3,2,21,3,146,1,3,1,5,1
26967,2,3,2,17,3,89,1,3,1,2,1
28221,4,3,2,33,2,118,0,1,0,3,1
17959,2,3,1,30,3,109.7,1,3,0,3,1
32500,2,3,2,30,2,128,1,1,0,0,1
26885,6,3,2,32,2,89.27,1,3,0,1,1
20496,5,4,2,7,2,140.52,1,2,1,5,1
21444,5,3,2,7,3,129.64,1,3,1,3,1
15962,5,4,2,21,3,165.4,1,3,0,0,0
22048,3,4,2,25,1,127,1,1,0,0,1
28006,5,3,2,18,2,139.26,1,3,0,1,1
21628,5,3,2,6,1,143.8,1,2,0,1,1
15979,4,3,2,6,2,92,0,3,0,2,1
22041,5,3,1,8,1,98,1,3,0,5,1
17065,5,2,1,7,1,90.13,1,2,0,4,1
18988,5,3,1,20,3,158,1,2,0,4,1
19454,2,4,2,10,1,128,1,3,0,0,1
31040,4,3,2,33,1,125,1,1,0,4,0
30082,4,3,2,33,1,123,0,1,0,5,1
24838,5,3,2,8,3,119.98,1,3,0,1,1
21642,2,1,1,26,3,67,1,1,1,1,1
22961,5,3,2,27,2,144.16,1,3,0,1,1
18016,5,3,2,7,3,126,1,3,0,2,1
12795,3,3,1,11,3,89.88,1,2,1,0,1
32057,5,3,2,17,1,107,1,3,0,0,1
24118,4,3,2,25,1,136,1,1,0,4,1
19319,5,3,1,7,1,104.82,1,2,0,1,1
36438,5,2,1,6,3,70.12,1,2,1,1,1
17497,3,3,2,18,3,147.17,1,2,0,1,1
28000,5,3,2,7,3,100,1,2,1,2,1
17939,2,3,1,6,1,97,1,2,1,4,1
27000,5,3,2,10,2,150,1,3,1,1,1
33484,2,3,2,31,1,89,1,3,0,4,1
28363,5,3,2,8,2,116,1,2,0,2,0
19709,3,3,2,29,3,137,1,3,0,0,0
31765,2,3,3,18,3,153,1,3,0,1,1
31000,5,3,2,13,2,131,1,3,1,1,1
20882,5,3,2,6,2,107.27,1,2,0,2,1
27000,5,3,2,19,2,110,1,2,1,1,1
17500,2,4,1,7,1,102,1,2,1,2,1
15186,2,3,1,8,1,108,1,2,0,3,1
18456,5,3,2,7,3,123,1,2,1,5,0
24432,3,4,2,9,1,88,1,3,0,0,0
25827,5,4,2,29,1,127,1,2,0,0,1
26688,5,2,1,5,2,58.08,1,2,0,4,1
26772,5,3,3,7,3,174.44,1,3,0,5,1
21539,3,3,2,12,1,143,1,3,0,0,1
18614,2,3,2,6,1,101,1,1,1,0,1
27565,5,2,1,7,1,78,1,3,1,5,1
38000,5,3,2,32,2,155,1,1,0,0,1
23498,5,3,1,11,3,107.63,0,3,1,4,1
16040,2,2,1,6,1,96.95,1,3,1,1,1
28306,5,3,2,18,2,134.25,1,3,0,3,1
22538,2,4,2,11,3,167.72,1,3,0,4,0
41667,5,5,2,3,3,120,1,2,0,2,1
16053,3,4,3,18,3,152,1,1,1,1,1
26885,5,3,1,5,1,94.85,1,2,1,1,1
27385,2,3,2,27,3,96.77,1,3,0,0,1
12034,4,4,2,9,3,166.2,1,3,0,2,1
18438,3,3,2,6,3,128,1,3,0,5,1
16880,1,3,2,17,3,141,1,3,0,3,1
22023,5,3,1,8,2,89,1,2,0,5,1
20000,3,3,2,20,1,140,1,2,1,1,1
22788,5,3,2,32,1,165,1,2,1,5,1
20000,3,3,2,25,2,112,1,1,0,0,1
32000,5,2,1,7,1,101,1,2,0,2,1
25491,5,3,2,30,1,153,0,3,0,4,1
36012,5,4,2,30,3,168,1,1,0,4,1
42995,5,3,3,25,3,167,1,1,0,4,0
25303,5,3,1,2,3,96.83,1,3,1,5,1
19028,3,4,2,24,2,144,1,3,0,0,1
21697,5,3,2,6,1,112,1,3,0,0,1
21000,5,3,1,7,2,83,1,2,0,2,1
30993,3,4,2,11,1,141,1,2,0,0,1
48572,5,2,1,2,3,49,1,1,0,5,1
37994,5,3,1,7,3,82.25,1,3,0,1,1
29500,5,3,2,33,1,155,1,3,0,4,1
43021,5,3,2,20,1,174.8,1,1,0,4,1
24992,5,3,2,25,3,118,1,3,1,2,1
10796,3,3,2,11,1,88,1,1,0,0,1
28572,5,2,1,7,1,57.75,1,2,0,1,1
17813,3,4,2,19,1,128,0,1,1,2,1
